Conviction_Points,Geo_Risk,Years_of_Experience,Vehicle_Type,Age,Risk_Score,Normalized_Risk_Score
12,8,49,Car,25,13,0.41237113402061853
15,4,10,Car,38,140,0.7396907216494846
0,7,12,Motorcycle,37,9,0.4020618556701031
3,5,47,Motorcycle,20,-66,0.20876288659793815
3,2,2,Car,50,34,0.46649484536082475
7,3,32,Car,53,-11,0.35051546391752575
9,0,24,Motorcycle,36,28,0.45103092783505155
19,7,5,Motorcycle,69,220,0.9458762886597938
18,9,19,Car,65,168,0.8118556701030928
4,6,0,Car,35,70,0.5592783505154639
6,9,17,Car,20,64,0.5438144329896907
12,8,23,Car,27,91,0.6134020618556701
1,1,46,Motorcycle,60,-113,0.08762886597938144
6,7,20,Car,24,45,0.4948453608247423
7,6,36,Car,39,-8,0.3582474226804124
14,8,36,Motorcycle,67,82,0.5902061855670103
17,4,12,Motorcycle,63,164,0.8015463917525774
5,3,44,Motorcycle,25,-57,0.23195876288659795
13,5,36,Motorcycle,39,57,0.5257731958762887
8,10,15,Motorcycle,27,95,0.6237113402061856
9,2,37,Car,65,-11,0.35051546391752575
20,0,24,Motorcycle,43,138,0.7345360824742269
19,1,45,Motorcycle,36,70,0.5592783505154639
16,4,20,Car,25,120,0.6881443298969072
19,10,7,Car,32,219,0.9432989690721649
5,0,46,Motorcycle,22,-68,0.2036082474226804
15,5,23,Car,67,106,0.6520618556701031
15,8,20,Car,46,130,0.7139175257731959
0,3,5,Motorcycle,37,10,0.40463917525773196
18,9,7,Motorcycle,27,214,0.9304123711340206
3,1,36,Motorcycle,45,-63,0.21649484536082475
17,5,47,Motorcycle,38,64,0.5438144329896907
19,10,9,Car,20,223,0.9536082474226805
19,9,5,Motorcycle,31,230,0.9716494845360825
19,0,25,Car,50,115,0.6752577319587629
14,8,33,Car,33,81,0.5876288659793815
7,10,20,Motorcycle,68,70,0.5592783505154639
0,1,0,Car,23,15,0.4175257731958763
1,6,33,Motorcycle,30,-49,0.25257731958762886
9,9,19,Car,60,78,0.5798969072164949
0,7,9,Motorcycle,55,18,0.4252577319587629
10,10,2,Car,23,154,0.7757731958762887
20,1,16,Motorcycle,70,167,0.8092783505154639
3,4,23,Motorcycle,66,-9,0.3556701030927835
11,9,50,Car,48,5,0.3917525773195876
18,8,25,Motorcycle,25,155,0.7783505154639175
2,10,42,Motorcycle,38,-46,0.2603092783505155
0,6,16,Car,37,-18,0.3324742268041237
0,7,17,Car,52,-16,0.33762886597938147
4,5,40,Car,44,-55,0.23711340206185566
5,7,17,Car,57,34,0.46649484536082475
6,8,49,Car,29,-47,0.25773195876288657
8,10,37,Motorcycle,36,29,0.4536082474226804
20,5,41,Car,35,102,0.6417525773195877
17,1,38,Motorcycle,18,81,0.5876288659793815
15,4,12,Motorcycle,64,144,0.75
4,7,6,Car,22,67,0.5515463917525774
9,8,47,Motorcycle,34,-1,0.37628865979381443
10,7,24,Motorcycle,60,73,0.5670103092783505
1,7,33,Motorcycle,43,-44,0.2654639175257732
1,9,14,Motorcycle,51,23,0.4381443298969072
7,9,5,Motorcycle,46,110,0.6623711340206185
9,0,9,Car,64,63,0.5412371134020618
3,6,37,Motorcycle,52,-41,0.27319587628865977
6,3,38,Motorcycle,35,-29,0.30412371134020616
11,7,11,Car,25,112,0.6675257731958762
14,2,25,Motorcycle,61,85,0.5979381443298969
18,6,16,Motorcycle,18,182,0.8479381443298969
0,3,19,Motorcycle,67,-32,0.2963917525773196
14,5,23,Car,26,96,0.6262886597938144
3,8,50,Car,38,-80,0.17268041237113402
12,9,48,Car,19,31,0.4587628865979381
10,5,9,Motorcycle,55,108,0.6572164948453608
20,0,42,Motorcycle,45,84,0.595360824742268
11,10,41,Car,61,37,0.4742268041237113
4,6,41,Car,33,-53,0.2422680412371134
6,9,39,Motorcycle,70,-2,0.37371134020618557
4,1,26,Motorcycle,27,-23,0.31958762886597936
15,4,42,Motorcycle,42,54,0.5180412371134021
20,10,11,Motorcycle,26,227,0.9639175257731959
3,7,7,Motorcycle,62,54,0.5180412371134021
12,5,27,Motorcycle,43,74,0.5695876288659794
4,2,32,Car,68,-46,0.2603092783505155
20,10,30,Car,53,160,0.7912371134020618
8,6,22,Motorcycle,64,54,0.5180412371134021
14,4,29,Car,45,73,0.5670103092783505
15,7,32,Motorcycle,52,99,0.634020618556701
20,3,2,Car,63,209,0.9175257731958762
3,6,22,Car,19,4,0.38917525773195877
15,7,47,Motorcycle,26,54,0.5180412371134021
13,0,40,Motorcycle,33,20,0.43041237113402064
16,6,47,Motorcycle,42,59,0.5309278350515464
17,4,24,Motorcycle,26,128,0.7087628865979382
5,2,14,Motorcycle,35,28,0.45103092783505155
9,3,2,Motorcycle,57,109,0.6597938144329897
3,2,3,Motorcycle,38,41,0.4845360824742268
0,10,33,Motorcycle,24,-29,0.30412371134020616
5,0,42,Car,54,-76,0.18298969072164947
0,9,36,Car,64,-63,0.21649484536082475
17,5,0,Motorcycle,36,205,0.9072164948453608
18,8,24,Motorcycle,44,158,0.7860824742268041
4,1,50,Car,66,-105,0.10824742268041238
2,0,38,Car,33,-94,0.13659793814432988
16,9,12,Motorcycle,25,179,0.8402061855670103
3,5,15,Car,19,20,0.43041237113402064
2,9,26,Motorcycle,46,-3,0.3711340206185567
10,10,23,Motorcycle,34,91,0.6134020618556701
13,2,29,Motorcycle,47,63,0.5412371134020618
16,1,16,Motorcycle,30,127,0.7061855670103093
7,10,18,Car,51,66,0.5489690721649485
9,3,45,Motorcycle,19,-10,0.35309278350515466
0,0,33,Motorcycle,68,-89,0.14948453608247422
10,6,3,Car,47,121,0.6907216494845361
18,0,38,Motorcycle,64,76,0.5747422680412371
11,7,7,Car,48,124,0.6984536082474226
2,9,20,Motorcycle,35,15,0.4175257731958763
2,3,48,Motorcycle,67,-99,0.12371134020618557
3,8,24,Car,23,8,0.39948453608247425
3,4,2,Car,39,44,0.49226804123711343
18,4,10,Motorcycle,23,190,0.8685567010309279
14,5,34,Car,42,63,0.5412371134020618
3,1,24,Motorcycle,59,-27,0.30927835051546393
20,6,0,Car,33,230,0.9716494845360825
17,8,6,Motorcycle,57,202,0.8994845360824743
18,6,13,Motorcycle,61,181,0.845360824742268
14,10,38,Motorcycle,58,86,0.6005154639175257
9,1,25,Car,63,20,0.43041237113402064
1,4,27,Car,41,-51,0.24742268041237114
4,4,47,Motorcycle,65,-71,0.1958762886597938
10,9,5,Motorcycle,39,140,0.7396907216494846
11,8,45,Motorcycle,60,25,0.44329896907216493
8,6,41,Motorcycle,40,-3,0.3711340206185567
11,2,23,Car,58,51,0.5103092783505154
2,3,24,Motorcycle,50,-27,0.30927835051546393
19,8,13,Motorcycle,27,201,0.8969072164948454
16,0,21,Motorcycle,58,107,0.654639175257732
0,5,13,Motorcycle,46,-4,0.36855670103092786
0,8,2,Car,65,34,0.46649484536082475
6,7,41,Motorcycle,63,-18,0.3324742268041237
19,5,1,Motorcycle,46,222,0.9510309278350515
14,6,45,Motorcycle,28,45,0.4948453608247423
10,5,0,Motorcycle,39,135,0.7268041237113402
19,7,14,Motorcycle,29,193,0.8762886597938144
8,10,36,Motorcycle,37,32,0.46134020618556704
13,4,7,Car,33,129,0.711340206185567
2,2,48,Car,27,-114,0.08505154639175258
3,6,9,Car,42,33,0.4639175257731959
2,6,44,Motorcycle,67,-72,0.19329896907216496
11,8,49,Car,68,3,0.3865979381443299
13,1,4,Motorcycle,70,133,0.7216494845360825
16,0,16,Motorcycle,37,122,0.6932989690721649
8,5,16,Car,32,57,0.5257731958762887
8,0,16,Car,54,32,0.46134020618556704
19,10,3,Motorcycle,49,241,1.0
8,1,40,Car,24,-25,0.31443298969072164
2,4,2,Car,55,34,0.46649484536082475
20,10,32,Motorcycle,47,164,0.8015463917525774
3,1,6,Motorcycle,54,27,0.4484536082474227
12,9,21,Motorcycle,55,112,0.6675257731958762
14,0,28,Car,63,56,0.5231958762886598
0,3,22,Car,46,-51,0.24742268041237114
4,9,27,Car,34,4,0.38917525773195877
3,3,49,Motorcycle,23,-82,0.16752577319587628
13,0,4,Motorcycle,36,128,0.7087628865979382
11,8,4,Car,67,138,0.7345360824742269
13,2,31,Car,35,47,0.5
13,5,2,Car,51,149,0.7628865979381443
11,4,25,Car,44,55,0.520618556701031
16,2,30,Motorcycle,41,90,0.6108247422680413
14,4,11,Car,60,127,0.7061855670103093
16,2,10,Car,68,140,0.7396907216494846
19,0,2,Motorcycle,34,194,0.8788659793814433
1,1,11,Motorcycle,39,-8,0.3582474226804124
8,5,12,Car,63,69,0.5567010309278351
0,5,20,Car,62,-35,0.28865979381443296
4,8,9,Motorcycle,39,63,0.5412371134020618
6,0,35,Car,65,-45,0.26288659793814434
13,0,6,Car,44,112,0.6675257731958762
7,10,31,Motorcycle,64,37,0.4742268041237113
15,5,27,Motorcycle,68,104,0.6469072164948454
9,7,10,Car,61,95,0.6237113402061856
18,3,48,Car,44,51,0.5103092783505154
8,6,8,Motorcycle,22,106,0.6520618556701031
15,0,25,Car,56,75,0.5721649484536082
11,2,37,Motorcycle,31,19,0.42783505154639173
6,0,15,Motorcycle,27,25,0.44329896907216493
15,10,26,Car,24,132,0.7190721649484536
1,5,5,Motorcycle,53,30,0.45618556701030927
12,1,18,Car,30,71,0.5618556701030928
3,7,0,Car,23,75,0.5721649484536082
18,10,36,Motorcycle,49,132,0.7190721649484536
15,3,32,Car,46,69,0.5567010309278351
3,2,37,Car,36,-71,0.1958762886597938
10,3,18,Motorcycle,43,71,0.5618556701030928
12,2,13,Car,46,91,0.6134020618556701
6,3,19,Motorcycle,53,28,0.45103092783505155
3,7,2,Motorcycle,62,69,0.5567010309278351
5,7,47,Car,33,-56,0.2345360824742268
11,1,40,Motorcycle,49,5,0.3917525773195876
0,4,41,Car,65,-103,0.1134020618556701
11,6,0,Motorcycle,53,150,0.7654639175257731
8,10,38,Motorcycle,46,26,0.44587628865979384
20,7,0,Car,49,235,0.9845360824742269
10,0,9,Car,29,73,0.5670103092783505
11,0,49,Motorcycle,43,-27,0.30927835051546393
5,6,3,Car,36,71,0.5618556701030928
15,4,5,Car,50,155,0.7783505154639175
8,4,17,Car,53,49,0.5051546391752577
2,10,18,Motorcycle,44,26,0.44587628865979384
19,5,45,Motorcycle,69,90,0.6108247422680413
19,1,11,Motorcycle,48,172,0.8221649484536082
14,10,0,Car,22,200,0.8943298969072165
20,2,38,Motorcycle,61,106,0.6520618556701031
3,6,44,Motorcycle,32,-62,0.2190721649484536
3,8,41,Motorcycle,23,-33,0.29381443298969073
7,2,17,Car,50,29,0.4536082474226804
9,10,44,Car,18,18,0.4252577319587629
9,9,18,Car,64,81,0.5876288659793815
9,9,6,Car,22,127,0.7061855670103093
3,5,15,Motorcycle,39,20,0.43041237113402064
14,5,39,Motorcycle,38,58,0.5283505154639175
18,8,0,Car,68,220,0.9458762886597938
12,5,37,Motorcycle,65,44,0.49226804123711343
3,9,36,Motorcycle,57,-23,0.31958762886597936
9,1,7,Car,32,74,0.5695876288659794
10,9,45,Motorcycle,23,30,0.45618556701030927
13,4,11,Motorcycle,30,127,0.7061855670103093
7,6,4,Car,66,88,0.6056701030927835
7,9,6,Motorcycle,21,117,0.6804123711340206
1,10,38,Motorcycle,47,-44,0.2654639175257732
12,8,40,Motorcycle,51,50,0.5077319587628866
2,10,6,Car,66,52,0.5128865979381443
2,0,16,Motorcycle,55,-18,0.3324742268041237
1,5,34,Car,36,-67,0.20618556701030927
5,6,16,Motorcycle,27,42,0.48711340206185566
8,0,32,Car,54,-16,0.33762886597938147
4,6,28,Motorcycle,66,-4,0.36855670103092786
0,0,36,Car,21,-98,0.12628865979381443
11,6,32,Motorcycle,66,54,0.5180412371134021
2,7,49,Car,23,-82,0.16752577319587628
5,1,48,Motorcycle,26,-79,0.17525773195876287
16,1,8,Motorcycle,27,151,0.7680412371134021
8,5,21,Car,35,42,0.48711340206185566
1,0,50,Car,60,-140,0.01804123711340206
17,6,24,Car,56,128,0.7087628865979382
16,4,16,Motorcycle,65,142,0.7448453608247423
3,10,21,Car,41,17,0.422680412371134
8,4,10,Motorcycle,62,80,0.5850515463917526
20,4,32,Motorcycle,70,134,0.7242268041237113
4,7,8,Motorcycle,21,71,0.5618556701030928
16,2,37,Car,57,59,0.5309278350515464
3,1,6,Motorcycle,21,37,0.4742268041237113
7,4,26,Motorcycle,61,22,0.43556701030927836
3,9,42,Motorcycle,23,-31,0.29896907216494845
18,8,27,Car,62,139,0.7371134020618557
17,4,45,Motorcycle,29,65,0.5463917525773195
1,4,25,Car,59,-45,0.26288659793814434
18,7,20,Car,61,155,0.7783505154639175
17,0,20,Motorcycle,54,120,0.6881443298969072
20,7,13,Car,33,196,0.884020618556701
2,10,34,Car,48,-32,0.2963917525773196
5,8,4,Motorcycle,18,98,0.6314432989690721
5,9,48,Car,34,-49,0.25257731958762886
12,9,14,Car,51,123,0.6958762886597938
12,10,24,Motorcycle,63,108,0.6572164948453608
2,5,1,Motorcycle,61,52,0.5128865979381443
15,2,39,Car,25,43,0.4896907216494845
7,6,43,Car,35,-29,0.30412371134020616
7,9,13,Motorcycle,55,86,0.6005154639175257
11,5,36,Motorcycle,59,37,0.4742268041237113
17,6,33,Motorcycle,56,111,0.6649484536082474
6,10,12,Motorcycle,53,84,0.595360824742268
7,5,16,Car,67,47,0.5
18,3,5,Motorcycle,35,190,0.8685567010309279
11,10,33,Car,33,61,0.5360824742268041
19,3,31,Car,60,112,0.6675257731958762
17,10,8,Car,43,196,0.884020618556701
9,0,33,Car,26,-9,0.3556701030927835
14,3,0,Motorcycle,63,165,0.8041237113402062
9,4,32,Car,63,14,0.41494845360824745
18,1,31,Car,33,92,0.615979381443299
0,0,2,Car,65,-6,0.3634020618556701
9,10,42,Car,70,14,0.41494845360824745
11,9,27,Motorcycle,61,84,0.595360824742268
17,9,16,Car,54,167,0.8092783505154639
9,3,23,Car,53,36,0.47164948453608246
0,9,2,Car,52,39,0.4793814432989691
16,10,7,Car,62,189,0.865979381443299
10,3,37,Car,19,14,0.41494845360824745
4,4,45,Motorcycle,53,-65,0.211340206185567
20,6,20,Motorcycle,46,180,0.8427835051546392
3,5,0,Car,45,55,0.520618556701031
19,7,7,Motorcycle,59,214,0.9304123711340206
8,1,25,Car,68,10,0.40463917525773196
14,5,24,Motorcycle,20,113,0.6701030927835051
0,7,1,Car,32,32,0.46134020618556704
19,6,35,Car,42,115,0.6752577319587629
8,6,30,Car,42,20,0.43041237113402064
7,6,34,Car,60,-2,0.37371134020618557
13,1,28,Car,37,51,0.5103092783505154
17,8,34,Car,23,118,0.6829896907216495
20,4,21,Car,53,157,0.7835051546391752
0,2,23,Car,53,-59,0.2268041237113402
11,0,17,Car,51,59,0.5309278350515464
4,2,5,Motorcycle,44,45,0.4948453608247423
0,8,3,Motorcycle,30,41,0.4845360824742268
10,3,25,Motorcycle,44,50,0.5077319587628866
14,7,21,Motorcycle,64,122,0.6932989690721649
20,2,6,Car,33,192,0.8737113402061856
18,1,19,Motorcycle,58,138,0.7345360824742269
4,4,22,Car,55,-6,0.3634020618556701
3,4,23,Motorcycle,33,-9,0.3556701030927835
19,10,21,Motorcycle,53,187,0.8608247422680413
7,4,12,Car,39,54,0.5180412371134021
8,2,22,Motorcycle,47,34,0.46649484536082475
13,4,10,Motorcycle,40,130,0.7139175257731959
5,8,14,Car,63,48,0.5025773195876289
0,7,44,Motorcycle,56,-87,0.15463917525773196
8,10,41,Motorcycle,21,27,0.4484536082474227
15,9,5,Motorcycle,43,190,0.8685567010309279
15,8,39,Motorcycle,33,83,0.5927835051546392
11,9,10,Car,43,125,0.7010309278350515
4,5,26,Motorcycle,21,7,0.39690721649484534
7,9,26,Motorcycle,63,47,0.5
13,1,19,Motorcycle,38,88,0.6056701030927835
10,8,46,Motorcycle,62,12,0.4097938144329897
20,8,16,Motorcycle,41,202,0.8994845360824743
14,6,1,Motorcycle,21,187,0.8608247422680413
17,0,19,Motorcycle,41,123,0.6958762886597938
19,0,14,Motorcycle,51,158,0.7860824742268041
3,2,9,Motorcycle,21,33,0.4639175257731959
9,3,44,Car,27,-27,0.30927835051546393
18,2,35,Car,48,85,0.5979381443298969
2,1,35,Motorcycle,33,-70,0.19845360824742267
19,9,8,Motorcycle,18,231,0.9742268041237113
11,5,26,Motorcycle,33,67,0.5515463917525774
18,6,40,Car,57,90,0.6108247422680413
13,1,45,Motorcycle,44,10,0.40463917525773196
1,10,13,Car,42,21,0.4329896907216495
6,8,25,Motorcycle,65,35,0.4690721649484536
10,7,44,Motorcycle,44,13,0.41237113402061853
16,7,14,Motorcycle,68,163,0.7989690721649485
16,3,48,Car,20,41,0.4845360824742268
3,4,13,Car,27,11,0.4072164948453608
17,9,6,Car,52,197,0.8865979381443299
10,6,43,Motorcycle,50,11,0.4072164948453608
9,9,8,Motorcycle,30,121,0.6907216494845361
12,6,38,Motorcycle,39,46,0.49742268041237114
13,4,14,Motorcycle,20,128,0.7087628865979382
6,1,46,Motorcycle,47,-63,0.21649484536082475
6,2,28,Car,26,-14,0.3427835051546392
7,0,29,Car,38,-17,0.33505154639175255
8,0,31,Car,50,-13,0.34536082474226804
13,10,30,Car,46,90,0.6108247422680413
7,7,8,Motorcycle,53,91,0.6134020618556701
16,6,43,Motorcycle,18,81,0.5876288659793815
15,2,2,Car,64,154,0.7757731958762887
8,10,15,Motorcycle,69,95,0.6237113402061856
3,9,28,Motorcycle,28,1,0.38144329896907214
6,10,34,Motorcycle,21,28,0.45103092783505155
17,8,37,Car,64,99,0.634020618556701
7,8,42,Car,19,-6,0.3634020618556701
20,2,38,Car,43,96,0.6262886597938144
2,1,37,Motorcycle,30,-76,0.18298969072164947
16,10,24,Motorcycle,28,148,0.7603092783505154
18,2,5,Car,66,175,0.8298969072164949
13,7,14,Car,40,123,0.6958762886597938
4,6,34,Motorcycle,63,-22,0.32216494845360827
4,6,11,Car,47,37,0.4742268041237113
12,2,16,Motorcycle,28,92,0.615979381443299
17,1,31,Car,68,82,0.5902061855670103
20,5,50,Car,65,75,0.5721649484536082
1,6,12,Motorcycle,21,24,0.44072164948453607
5,9,0,Car,50,95,0.6237113402061856
1,9,34,Motorcycle,54,-37,0.28350515463917525
19,3,0,Car,27,205,0.9072164948453608
19,9,16,Car,69,187,0.8608247422680413
7,4,4,Motorcycle,51,88,0.6056701030927835
9,2,36,Car,53,-8,0.3582474226804124
17,1,3,Motorcycle,59,176,0.8324742268041238
9,6,5,Motorcycle,23,125,0.7010309278350515
0,0,30,Motorcycle,48,-80,0.17268041237113402
19,2,50,Car,61,50,0.5077319587628866
4,6,42,Motorcycle,51,-46,0.2603092783505155
17,3,20,Motorcycle,23,145,0.7525773195876289
20,7,48,Car,46,91,0.6134020618556701
16,5,45,Car,27,50,0.5077319587628866
3,10,15,Car,55,35,0.4690721649484536
10,10,37,Car,61,39,0.4793814432989691
1,2,41,Car,63,-103,0.1134020618556701
20,6,28,Motorcycle,48,156,0.7809278350515464
4,6,27,Car,49,-11,0.35051546391752575
4,10,45,Car,19,-35,0.28865979381443296
16,1,33,Car,36,66,0.5489690721649485
16,9,11,Motorcycle,21,192,0.8737113402061856
15,10,27,Motorcycle,23,139,0.7371134020618557
10,0,34,Car,35,-2,0.37371134020618557
13,1,24,Motorcycle,56,73,0.5670103092783505
8,3,13,Car,45,56,0.5231958762886598
11,3,7,Motorcycle,60,114,0.6726804123711341
20,1,24,Motorcycle,25,143,0.7474226804123711
6,3,1,Car,61,72,0.5644329896907216
9,4,35,Motorcycle,61,15,0.4175257731958763
15,3,18,Motorcycle,58,121,0.6907216494845361
3,9,46,Motorcycle,49,-53,0.2422680412371134
19,9,40,Car,50,115,0.6752577319587629
12,5,1,Car,51,142,0.7448453608247423
18,6,42,Car,59,84,0.595360824742268
17,8,27,Motorcycle,44,139,0.7371134020618557
10,10,15,Motorcycle,66,115,0.6752577319587629
2,9,15,Motorcycle,48,30,0.45618556701030927
1,5,41,Motorcycle,42,-78,0.17783505154639176
11,5,13,Car,57,96,0.6262886597938144
3,8,6,Car,62,52,0.5128865979381443
12,4,32,Motorcycle,35,54,0.5180412371134021
4,5,28,Car,35,-19,0.32989690721649484
1,0,6,Motorcycle,62,2,0.38402061855670105
17,3,14,Car,51,143,0.7474226804123711
0,1,31,Car,23,-78,0.17783505154639176
7,6,6,Car,64,82,0.5902061855670103
4,8,33,Car,24,-9,0.3556701030927835
3,6,46,Motorcycle,57,-68,0.2036082474226804
5,3,26,Car,46,-13,0.34536082474226804
6,4,32,Car,38,-16,0.33762886597938147
3,5,46,Motorcycle,19,-63,0.21649484536082475
2,8,31,Motorcycle,35,-23,0.31958762886597936
8,2,7,Motorcycle,25,79,0.5824742268041238
1,9,49,Motorcycle,54,-82,0.16752577319587628
4,3,39,Car,39,-62,0.2190721649484536
0,2,1,Car,58,7,0.39690721649484534
13,9,5,Car,59,160,0.7912371134020618
19,1,37,Motorcycle,59,94,0.6211340206185567
9,1,27,Car,38,14,0.41494845360824745
5,10,38,Car,28,-14,0.3427835051546392
1,8,45,Car,25,-85,0.15979381443298968
7,10,23,Motorcycle,26,61,0.5360824742268041
8,6,12,Motorcycle,67,84,0.595360824742268
20,10,9,Car,39,223,0.9536082474226805
7,3,29,Car,40,-2,0.37371134020618557
3,2,29,Car,33,-47,0.25773195876288657
12,2,13,Car,43,91,0.6134020618556701
3,4,23,Car,60,-19,0.32989690721649484
6,10,24,Motorcycle,51,48,0.5025773195876289
20,7,9,Motorcycle,53,218,0.9407216494845361
7,2,4,Motorcycle,56,78,0.5798969072164949
19,4,37,Motorcycle,48,109,0.6597938144329897
0,4,11,Motorcycle,62,-3,0.3711340206185567
5,9,22,Car,59,29,0.4536082474226804
11,1,24,Car,31,43,0.4896907216494845
9,5,37,Car,40,4,0.38917525773195877
19,3,40,Motorcycle,53,95,0.6237113402061856
7,7,40,Motorcycle,27,-5,0.36597938144329895
5,4,34,Car,62,-32,0.2963917525773196
8,10,46,Car,45,-8,0.3582474226804124
11,2,33,Motorcycle,48,31,0.4587628865979381
14,0,13,Car,30,101,0.6391752577319587
0,9,33,Motorcycle,32,-44,0.2654639175257732
8,2,7,Motorcycle,52,79,0.5824742268041238
19,2,12,Motorcycle,52,174,0.8273195876288659
6,9,9,Car,30,78,0.5798969072164949
10,6,46,Motorcycle,59,2,0.38402061855670105
19,8,29,Motorcycle,66,153,0.7731958762886598
2,9,12,Motorcycle,51,39,0.4793814432989691
0,1,48,Motorcycle,29,-129,0.04639175257731959
19,1,35,Motorcycle,45,100,0.6365979381443299
14,1,34,Car,40,43,0.4896907216494845
0,0,1,Car,54,-3,0.3711340206185567
19,1,17,Car,60,144,0.75
6,7,43,Car,20,-24,0.3170103092783505
1,0,48,Car,44,-134,0.03350515463917526
12,6,9,Car,20,133,0.7216494845360825
18,5,16,Car,18,167,0.8092783505154639
13,9,3,Motorcycle,33,176,0.8324742268041238
9,8,41,Motorcycle,38,17,0.422680412371134
4,5,22,Car,67,-1,0.37628865979381443
17,6,47,Car,61,59,0.5309278350515464
3,8,20,Motorcycle,43,20,0.43041237113402064
2,1,24,Motorcycle,33,-37,0.28350515463917525
20,4,33,Motorcycle,42,131,0.7164948453608248
13,5,20,Motorcycle,21,115,0.6752577319587629
15,9,21,Motorcycle,26,142,0.7448453608247423
4,0,36,Motorcycle,63,-58,0.22938144329896906
9,5,44,Car,38,-17,0.33505154639175255
4,6,12,Motorcycle,21,54,0.5180412371134021
17,9,26,Car,65,137,0.7319587628865979
18,1,2,Car,64,179,0.8402061855670103
13,1,22,Car,37,69,0.5567010309278351
13,3,46,Motorcycle,50,17,0.422680412371134
2,1,19,Car,66,-32,0.2963917525773196
3,10,18,Motorcycle,63,36,0.47164948453608246
9,6,34,Car,70,18,0.4252577319587629
12,10,31,Car,24,87,0.6030927835051546
15,0,3,Car,34,141,0.7422680412371134
2,7,0,Car,68,55,0.520618556701031
19,6,27,Motorcycle,68,149,0.7628865979381443
6,4,48,Motorcycle,25,-54,0.23969072164948454
14,9,46,Car,41,47,0.5
16,2,22,Car,38,104,0.6469072164948454
15,3,3,Motorcycle,20,176,0.8324742268041238
8,10,32,Car,49,34,0.46649484536082475
0,6,11,Motorcycle,44,7,0.39690721649484534
10,6,48,Motorcycle,64,-4,0.36855670103092786
11,2,24,Motorcycle,24,68,0.5541237113402062
13,1,28,Car,60,51,0.5103092783505154
7,10,40,Car,31,0,0.3788659793814433
6,7,9,Motorcycle,66,78,0.5798969072164949
13,8,2,Motorcycle,68,174,0.8273195876288659
15,8,14,Motorcycle,48,158,0.7860824742268041
9,4,10,Motorcycle,56,90,0.6108247422680413
6,2,4,Car,61,58,0.5283505154639175
11,9,9,Car,55,128,0.7087628865979382
18,8,45,Motorcycle,63,95,0.6237113402061856
7,10,26,Motorcycle,66,52,0.5128865979381443
1,0,43,Car,51,-119,0.07216494845360824
9,3,8,Car,41,81,0.5876288659793815
2,0,37,Motorcycle,22,-71,0.1958762886597938
18,5,40,Car,26,85,0.5979381443298969
14,7,34,Motorcycle,34,83,0.5927835051546392
5,7,44,Motorcycle,19,-27,0.30927835051546393
4,4,38,Car,69,-54,0.23969072164948454
18,8,27,Car,63,139,0.7371134020618557
14,2,48,Motorcycle,34,16,0.42010309278350516
18,9,49,Car,56,78,0.5798969072164949
1,5,19,Motorcycle,66,-12,0.3479381443298969
12,1,35,Car,22,30,0.45618556701030927
0,7,36,Motorcycle,69,-63,0.21649484536082475
9,7,10,Motorcycle,44,105,0.6494845360824743
16,1,49,Car,62,18,0.4252577319587629
2,5,18,Car,29,-9,0.3556701030927835
8,0,4,Motorcycle,23,88,0.6056701030927835
19,7,24,Motorcycle,70,163,0.7989690721649485
10,8,15,Car,56,95,0.6237113402061856
16,4,49,Car,61,33,0.4639175257731959
1,5,30,Motorcycle,48,-45,0.26288659793814434
0,2,13,Car,42,-29,0.30412371134020616
5,0,16,Car,29,2,0.38402061855670105
2,8,40,Car,63,-60,0.22422680412371135
15,6,45,Motorcycle,35,55,0.520618556701031
3,5,11,Motorcycle,55,32,0.46134020618556704
14,3,34,Car,23,63,0.5412371134020618
5,8,17,Motorcycle,44,49,0.5051546391752577
11,10,6,Car,43,142,0.7448453608247423
19,9,24,Motorcycle,31,173,0.8247422680412371
6,0,29,Car,38,-27,0.30927835051546393
20,10,29,Car,22,173,0.8247422680412371
6,7,2,Car,33,89,0.6082474226804123
19,2,11,Car,53,167,0.8092783505154639
6,10,46,Motorcycle,58,-18,0.3324742268041237
2,8,40,Motorcycle,20,-40,0.2757731958762887
6,7,17,Motorcycle,25,54,0.5180412371134021
5,6,39,Motorcycle,28,-27,0.30927835051546393
5,0,9,Car,45,23,0.4381443298969072
13,5,43,Car,31,26,0.44587628865979384
9,2,26,Car,30,22,0.43556701030927836
4,10,20,Car,53,30,0.45618556701030927
13,6,4,Motorcycle,29,158,0.7860824742268041
17,8,42,Motorcycle,18,104,0.6469072164948454
3,4,2,Car,54,44,0.49226804123711343
13,0,39,Motorcycle,48,23,0.4381443298969072
19,3,19,Motorcycle,24,168,0.8118556701030928
8,10,7,Motorcycle,49,119,0.6855670103092784
13,4,31,Motorcycle,66,67,0.5515463917525774
5,1,32,Car,60,-41,0.27319587628865977
16,8,4,Car,70,188,0.8634020618556701
14,2,27,Car,57,69,0.5567010309278351
5,8,24,Car,19,28,0.45103092783505155
1,9,42,Motorcycle,35,-61,0.22164948453608246
5,8,8,Car,59,66,0.5489690721649485
6,7,44,Car,52,-37,0.28350515463917525
12,9,26,Car,19,97,0.6288659793814433
10,3,38,Car,56,1,0.38144329896907214
14,6,27,Motorcycle,34,99,0.634020618556701
8,3,34,Motorcycle,30,3,0.3865979381443299
7,7,43,Motorcycle,18,-4,0.36855670103092786
13,7,12,Motorcycle,70,139,0.7371134020618557
5,2,47,Motorcycle,40,-71,0.1958762886597938
15,7,8,Car,50,161,0.7938144329896907
10,8,40,Motorcycle,34,30,0.45618556701030927
3,4,45,Motorcycle,45,-75,0.18556701030927836
10,3,32,Motorcycle,52,29,0.4536082474226804
18,10,0,Motorcycle,42,240,0.9974226804123711
3,0,47,Car,52,-111,0.09278350515463918
14,2,17,Car,20,109,0.6597938144329897
18,10,12,Motorcycle,48,204,0.904639175257732
5,5,16,Car,48,27,0.4484536082474227
4,4,11,Car,23,37,0.4742268041237113
17,2,15,Motorcycle,66,145,0.7525773195876289
5,7,28,Motorcycle,42,11,0.4072164948453608
3,10,0,Car,24,90,0.6108247422680413
5,3,46,Car,31,-73,0.19072164948453607
8,7,28,Car,35,31,0.4587628865979381
4,3,36,Motorcycle,55,-43,0.26804123711340205
17,1,18,Motorcycle,36,131,0.7164948453608248
1,4,17,Car,37,-21,0.3247422680412371
18,5,25,Motorcycle,20,150,0.7654639175257731
1,3,40,Car,41,-95,0.13402061855670103
14,2,25,Motorcycle,35,85,0.5979381443298969
17,1,4,Motorcycle,50,173,0.8247422680412371
7,10,10,Car,51,90,0.6108247422680413
11,3,33,Car,61,26,0.44587628865979384
14,4,22,Car,69,94,0.6211340206185567
16,4,33,Car,36,81,0.5876288659793815
20,6,46,Car,60,92,0.615979381443299
1,9,18,Car,51,1,0.38144329896907214
17,9,35,Car,26,110,0.6623711340206185
12,3,48,Motorcycle,59,1,0.38144329896907214
14,7,20,Motorcycle,30,125,0.7010309278350515
0,4,5,Motorcycle,63,15,0.4175257731958763
2,0,35,Car,19,-75,0.18556701030927836
19,10,47,Car,47,99,0.634020618556701
14,0,13,Car,64,101,0.6391752577319587
18,0,40,Motorcycle,30,70,0.5592783505154639
11,0,39,Motorcycle,18,13,0.41237113402061853
20,4,30,Car,51,130,0.7139175257731959
9,5,11,Car,44,82,0.5902061855670103
14,5,8,Car,61,141,0.7422680412371134
0,9,26,Car,57,-33,0.29381443298969073
12,2,40,Motorcycle,48,20,0.43041237113402064
9,10,31,Motorcycle,41,57,0.5257731958762887
18,0,26,Car,58,102,0.6417525773195877
4,7,50,Motorcycle,40,-65,0.211340206185567
7,1,37,Motorcycle,30,-26,0.3118556701030928
3,9,19,Car,20,28,0.45103092783505155
16,9,31,Motorcycle,43,122,0.6932989690721649
12,10,6,Car,34,152,0.770618556701031
5,0,37,Motorcycle,51,-51,0.24742268041237114
20,7,11,Motorcycle,38,212,0.9252577319587629
13,6,15,Car,69,115,0.6752577319587629
16,7,44,Car,69,63,0.5412371134020618
13,10,4,Motorcycle,32,178,0.8376288659793815
18,9,35,Motorcycle,23,140,0.7396907216494846
19,0,50,Motorcycle,49,50,0.5077319587628866
17,9,17,Motorcycle,65,174,0.8273195876288659
7,4,44,Motorcycle,34,-32,0.2963917525773196
17,8,25,Car,18,145,0.7525773195876289
14,5,12,Motorcycle,65,139,0.7371134020618557
3,2,0,Car,64,40,0.48195876288659795
10,5,32,Car,40,29,0.4536082474226804
20,4,6,Motorcycle,36,212,0.9252577319587629
10,1,35,Motorcycle,53,10,0.40463917525773196
1,0,41,Car,46,-113,0.08762886597938144
20,2,40,Car,29,90,0.6108247422680413
16,5,19,Motorcycle,56,138,0.7345360824742269
10,4,35,Car,27,15,0.4175257731958763
18,2,29,Motorcycle,19,123,0.6958762886597938
20,7,42,Car,33,109,0.6597938144329897
16,3,23,Motorcycle,53,116,0.6778350515463918
2,5,25,Motorcycle,38,-20,0.327319587628866
6,10,20,Car,44,50,0.5077319587628866
9,6,44,Motorcycle,62,-2,0.37371134020618557
2,4,8,Motorcycle,30,26,0.44587628865979384
20,9,38,Car,65,131,0.7164948453608248
12,8,22,Motorcycle,59,104,0.6469072164948454
9,0,39,Car,60,-27,0.30927835051546393
4,10,50,Motorcycle,33,-50,0.25
4,10,15,Motorcycle,70,55,0.520618556701031
9,0,4,Motorcycle,23,98,0.6314432989690721
10,2,11,Motorcycle,39,87,0.6030927835051546
12,6,26,Motorcycle,46,82,0.5902061855670103
8,1,11,Car,56,52,0.5128865979381443
1,5,26,Motorcycle,25,-33,0.29381443298969073
5,9,12,Car,37,59,0.5309278350515464
7,5,28,Car,24,21,0.4329896907216495
0,2,0,Car,30,10,0.40463917525773196
1,3,5,Car,27,10,0.40463917525773196
3,3,38,Car,44,-69,0.20103092783505155
18,3,13,Motorcycle,38,166,0.8067010309278351
18,8,22,Motorcycle,56,164,0.8015463917525774
20,5,24,Car,54,153,0.7731958762886598
8,9,26,Car,49,47,0.5
18,5,5,Motorcycle,59,200,0.8943298969072165
7,1,18,Motorcycle,38,31,0.4587628865979381
10,8,44,Motorcycle,34,18,0.4252577319587629
18,10,46,Car,50,92,0.615979381443299
3,7,28,Motorcycle,45,-9,0.3556701030927835
12,7,3,Car,30,146,0.7551546391752577
19,1,23,Car,49,126,0.7036082474226805
13,9,9,Motorcycle,65,158,0.7860824742268041
0,0,5,Motorcycle,69,-5,0.36597938144329895
10,9,26,Car,56,67,0.5515463917525774
3,4,33,Motorcycle,54,-39,0.27835051546391754
6,6,1,Car,67,87,0.6030927835051546
3,0,32,Motorcycle,41,-56,0.2345360824742268
6,3,20,Motorcycle,36,25,0.44329896907216493
19,3,47,Motorcycle,44,74,0.5695876288659794
2,4,27,Motorcycle,69,-31,0.29896907216494845
18,10,42,Motorcycle,66,114,0.6726804123711341
18,1,12,Motorcycle,31,159,0.788659793814433
6,10,31,Motorcycle,48,27,0.4484536082474227
20,0,45,Car,70,65,0.5463917525773195
11,4,27,Motorcycle,33,59,0.5309278350515464
0,6,3,Car,20,31,0.4587628865979381
4,8,20,Motorcycle,29,30,0.45618556701030927
13,2,10,Motorcycle,22,130,0.7139175257731959
9,1,9,Car,25,68,0.5541237113402062
2,2,5,Car,35,15,0.4175257731958763
1,1,13,Motorcycle,37,-14,0.3427835051546392
12,0,40,Car,18,10,0.40463917525773196
15,1,17,Car,46,104,0.6469072164948454
1,6,45,Car,54,-95,0.13402061855670103
12,4,25,Car,57,65,0.5463917525773195
5,4,3,Motorcycle,64,71,0.5618556701030928
6,5,0,Motorcycle,33,95,0.6237113402061856
1,9,14,Motorcycle,52,23,0.4381443298969072
10,3,14,Motorcycle,24,93,0.6185567010309279
6,6,23,Motorcycle,63,31,0.4587628865979381
6,10,6,Car,53,92,0.615979381443299
6,0,15,Car,26,15,0.4175257731958763
6,2,5,Motorcycle,31,65,0.5463917525773195
11,0,0,Motorcycle,33,120,0.6881443298969072
18,7,39,Motorcycle,33,108,0.6572164948453608
18,7,7,Car,68,194,0.8788659793814433
18,1,17,Motorcycle,62,144,0.75
19,4,32,Car,45,114,0.6726804123711341
2,9,29,Car,37,-22,0.32216494845360827
12,8,31,Car,18,77,0.5773195876288659
9,0,15,Car,28,45,0.4948453608247423
19,3,11,Car,28,172,0.8221649484536082
8,10,43,Motorcycle,64,11,0.4072164948453608
5,4,31,Car,50,-23,0.31958762886597936
20,10,18,Motorcycle,22,216,0.9355670103092784
11,6,43,Car,21,21,0.4329896907216495
1,1,38,Motorcycle,58,-89,0.14948453608247422
11,3,22,Car,27,59,0.5309278350515464
15,3,7,Car,18,154,0.7757731958762887
12,2,35,Car,53,25,0.44329896907216493
15,4,19,Car,46,113,0.6701030927835051
12,4,5,Car,48,125,0.7010309278350515
18,10,49,Car,35,83,0.5927835051546392
13,4,0,Car,23,160,0.7912371134020618
12,9,43,Motorcycle,51,46,0.49742268041237114
9,5,1,Motorcycle,61,122,0.6932989690721649
6,8,50,Motorcycle,63,-40,0.2757731958762887
4,3,14,Car,23,23,0.4381443298969072
16,6,18,Motorcycle,42,146,0.7551546391752577
8,5,41,Car,65,-18,0.3324742268041237
5,3,6,Motorcycle,39,57,0.5257731958762887
15,3,36,Car,31,57,0.5257731958762887
5,7,43,Car,41,-44,0.2654639175257732
5,0,49,Car,52,-97,0.12886597938144329
17,9,32,Motorcycle,47,129,0.711340206185567
0,7,11,Car,29,2,0.38402061855670105
16,10,23,Car,29,141,0.7422680412371134
16,4,24,Car,39,108,0.6572164948453608
0,0,50,Motorcycle,45,-140,0.01804123711340206
10,10,8,Motorcycle,63,136,0.729381443298969
12,5,19,Motorcycle,61,98,0.6314432989690721
0,10,2,Car,20,54,0.5180412371134021
7,3,50,Car,59,-65,0.211340206185567
19,6,28,Car,25,136,0.729381443298969
5,7,38,Car,33,-29,0.30412371134020616
4,0,46,Car,18,-88,0.15206185567010308
19,3,43,Motorcycle,48,86,0.6005154639175257
4,2,33,Car,65,-49,0.25257731958762886
5,0,13,Car,60,11,0.4072164948453608
12,7,45,Motorcycle,56,30,0.45618556701030927
17,0,33,Motorcycle,67,81,0.5876288659793815
19,7,10,Car,30,195,0.8814432989690721
12,2,23,Car,34,61,0.5360824742268041
6,0,13,Car,47,21,0.4329896907216495
7,2,46,Motorcycle,41,-48,0.2551546391752577
20,6,30,Motorcycle,25,150,0.7654639175257731
16,0,0,Motorcycle,64,170,0.8170103092783505
0,8,43,Motorcycle,22,-69,0.20103092783505155
15,3,7,Car,49,144,0.75
10,10,3,Motorcycle,50,151,0.7680412371134021
3,3,46,Motorcycle,21,-73,0.19072164948453607
3,6,0,Car,55,60,0.5335051546391752
16,6,31,Motorcycle,32,107,0.654639175257732
16,6,8,Motorcycle,20,186,0.8582474226804123
9,4,3,Car,34,101,0.6391752577319587
20,10,11,Car,49,217,0.9381443298969072
20,2,23,Car,69,141,0.7422680412371134
5,5,20,Motorcycle,41,25,0.44329896907216493
16,4,1,Motorcycle,43,187,0.8608247422680413
17,10,6,Motorcycle,45,212,0.9252577319587629
9,2,46,Car,47,-38,0.2809278350515464
12,0,4,Motorcycle,41,118,0.6829896907216495
15,9,42,Car,30,69,0.5567010309278351
6,1,35,Car,55,-40,0.2757731958762887
14,10,47,Motorcycle,58,59,0.5309278350515464
1,5,22,Motorcycle,57,-21,0.3247422680412371
4,9,30,Motorcycle,68,5,0.3917525773195876
16,5,38,Car,30,71,0.5618556701030928
4,8,11,Motorcycle,53,57,0.5257731958762887
7,4,34,Motorcycle,18,8,0.39948453608247425
14,9,3,Car,48,176,0.8324742268041238
7,0,49,Car,35,-77,0.18041237113402062
2,6,42,Car,68,-76,0.18298969072164947
16,1,0,Motorcycle,46,175,0.8298969072164949
15,1,6,Car,66,137,0.7319587628865979
15,3,33,Motorcycle,27,76,0.5747422680412371
18,0,29,Car,20,103,0.6443298969072165
11,3,21,Car,53,62,0.538659793814433
14,1,14,Car,28,103,0.6443298969072165
7,3,22,Motorcycle,46,29,0.4536082474226804
2,1,27,Car,59,-56,0.2345360824742268
17,4,3,Motorcycle,20,201,0.8969072164948454
3,7,49,Motorcycle,26,-72,0.19329896907216496
7,10,30,Motorcycle,62,40,0.48195876288659795
13,6,39,Car,34,43,0.4896907216494845
16,4,46,Motorcycle,44,52,0.5128865979381443
5,5,23,Car,36,6,0.3943298969072165
4,6,24,Car,54,-2,0.37371134020618557
13,0,43,Motorcycle,38,11,0.4072164948453608
5,4,13,Car,60,31,0.4587628865979381
19,9,32,Motorcycle,31,149,0.7628865979381443
11,3,32,Motorcycle,31,39,0.4793814432989691
8,7,50,Car,32,-35,0.28865979381443296
0,0,49,Car,50,-147,0.0
17,0,25,Car,29,95,0.6237113402061856
5,8,9,Car,65,63,0.5412371134020618
4,3,37,Car,66,-56,0.2345360824742268
1,6,44,Motorcycle,26,-82,0.16752577319587628
5,5,17,Motorcycle,67,34,0.46649484536082475
16,7,23,Car,62,126,0.7036082474226805
6,3,35,Motorcycle,58,-20,0.327319587628866
8,2,35,Motorcycle,66,-5,0.36597938144329895
19,8,34,Car,52,128,0.7087628865979382
4,1,20,Motorcycle,55,-5,0.36597938144329895
20,3,5,Motorcycle,53,210,0.9201030927835051
10,8,20,Motorcycle,63,90,0.6108247422680413
10,3,6,Motorcycle,58,107,0.654639175257732
3,5,8,Motorcycle,28,41,0.4845360824742268
5,1,0,Motorcycle,65,65,0.5463917525773195
9,2,44,Motorcycle,41,-22,0.32216494845360827
8,10,25,Motorcycle,56,65,0.5463917525773195
17,6,38,Motorcycle,22,106,0.6520618556701031
19,3,7,Motorcycle,70,194,0.8788659793814433
8,2,9,Motorcycle,65,73,0.5670103092783505
10,5,6,Motorcycle,44,117,0.6804123711340206
1,3,29,Car,25,-62,0.2190721649484536
14,5,5,Car,70,150,0.7654639175257731
5,1,36,Car,69,-53,0.2422680412371134
16,9,29,Motorcycle,44,128,0.7087628865979382
3,10,39,Motorcycle,43,-27,0.30927835051546393
7,1,19,Car,59,18,0.4252577319587629
1,10,47,Motorcycle,38,-71,0.1958762886597938
8,5,22,Motorcycle,49,49,0.5051546391752577
0,9,3,Car,64,36,0.47164948453608246
5,10,7,Motorcycle,20,99,0.634020618556701
15,8,29,Motorcycle,22,123,0.6958762886597938
6,9,20,Motorcycle,48,55,0.520618556701031
15,3,8,Motorcycle,46,151,0.7680412371134021
5,2,18,Motorcycle,31,16,0.42010309278350516
9,2,22,Car,43,34,0.46649484536082475
17,4,22,Motorcycle,47,134,0.7242268041237113
16,7,21,Motorcycle,67,142,0.7448453608247423
16,8,46,Motorcycle,36,72,0.5644329896907216
11,8,39,Motorcycle,40,43,0.4896907216494845
14,5,34,Motorcycle,22,83,0.5927835051546392
5,5,34,Motorcycle,68,-17,0.33505154639175255
19,3,16,Motorcycle,69,167,0.8092783505154639
15,10,13,Car,63,161,0.7938144329896907
13,7,28,Motorcycle,50,91,0.6134020618556701
11,6,13,Car,57,101,0.6391752577319587
11,0,33,Car,35,11,0.4072164948453608
1,8,26,Car,20,-18,0.3324742268041237
7,5,13,Car,46,56,0.5231958762886598
16,5,10,Car,45,155,0.7783505154639175
7,3,23,Motorcycle,32,26,0.44587628865979384
15,8,21,Motorcycle,38,137,0.7319587628865979
0,9,27,Car,50,-36,0.2860824742268041
4,9,45,Motorcycle,42,-40,0.2757731958762887
18,7,21,Car,29,152,0.770618556701031
2,4,31,Car,32,-53,0.2422680412371134
8,7,38,Car,32,1,0.38144329896907214
10,1,18,Motorcycle,63,61,0.5360824742268041
5,3,27,Motorcycle,62,-6,0.3634020618556701
6,5,26,Car,54,7,0.39690721649484534
6,10,23,Car,26,41,0.4845360824742268
4,8,7,Motorcycle,63,69,0.5567010309278351
1,9,13,Car,43,16,0.42010309278350516
4,5,20,Car,67,5,0.3917525773195876
5,8,30,Car,67,0,0.3788659793814433
5,7,35,Car,41,-20,0.327319587628866
6,3,10,Motorcycle,58,55,0.520618556701031
3,5,35,Car,27,-50,0.25
17,9,5,Motorcycle,69,210,0.9201030927835051
15,6,37,Car,58,69,0.5567010309278351
20,10,22,Motorcycle,63,194,0.8788659793814433
18,5,33,Car,43,106,0.6520618556701031
9,3,18,Motorcycle,28,61,0.5360824742268041
4,2,0,Car,70,50,0.5077319587628866
17,3,31,Car,33,92,0.615979381443299
2,9,44,Car,58,-67,0.20618556701030927
19,1,30,Motorcycle,57,115,0.6752577319587629
3,6,45,Car,56,-75,0.18556701030927836
13,9,2,Motorcycle,22,189,0.865979381443299
11,3,21,Car,51,62,0.538659793814433
13,7,18,Motorcycle,28,121,0.6907216494845361
4,7,16,Motorcycle,52,37,0.4742268041237113
17,5,35,Motorcycle,20,110,0.6623711340206185
6,2,12,Car,65,34,0.46649484536082475
15,1,8,Motorcycle,22,151,0.7680412371134021
2,10,26,Car,54,-8,0.3582474226804124
20,7,35,Motorcycle,52,140,0.7396907216494846
10,5,9,Car,52,98,0.6314432989690721
17,0,31,Motorcycle,36,87,0.6030927835051546
5,3,44,Motorcycle,62,-57,0.23195876288659795
20,7,49,Motorcycle,23,108,0.6572164948453608
4,1,43,Motorcycle,45,-74,0.18814432989690721
4,0,47,Car,37,-101,0.11855670103092783
15,8,0,Motorcycle,34,200,0.8943298969072165
2,1,45,Car,53,-110,0.09536082474226804
11,7,20,Motorcycle,59,95,0.6237113402061856
2,7,28,Car,56,-29,0.30412371134020616
1,6,38,Car,46,-74,0.18814432989690721
14,0,36,Car,29,32,0.46134020618556704
19,5,30,Motorcycle,65,135,0.7268041237113402
16,5,33,Motorcycle,18,106,0.6520618556701031
11,6,35,Car,36,35,0.4690721649484536
1,5,41,Motorcycle,55,-78,0.17783505154639176
1,3,26,Car,56,-53,0.2422680412371134
13,3,46,Car,32,7,0.39690721649484534
6,8,18,Motorcycle,29,56,0.5231958762886598
13,3,24,Motorcycle,55,83,0.5927835051546392
6,9,24,Car,28,33,0.4639175257731959
19,3,14,Car,41,163,0.7989690721649485
16,3,28,Motorcycle,25,101,0.6391752577319587
3,6,50,Motorcycle,41,-80,0.17268041237113402
14,10,41,Car,42,67,0.5515463917525774
2,10,19,Car,35,13,0.41237113402061853
5,4,2,Motorcycle,34,74,0.5695876288659794
7,2,42,Motorcycle,46,-36,0.2860824742268041
15,5,49,Motorcycle,68,38,0.47680412371134023
14,1,29,Car,39,58,0.5283505154639175
3,8,1,Car,36,67,0.5515463917525774
20,9,21,Car,29,182,0.8479381443298969
7,8,17,Motorcycle,42,69,0.5567010309278351
7,5,25,Car,43,20,0.43041237113402064
19,8,14,Motorcycle,44,198,0.8891752577319587
6,3,22,Motorcycle,56,19,0.42783505154639173
19,0,15,Motorcycle,64,155,0.7783505154639175
17,6,50,Motorcycle,33,60,0.5335051546391752
11,3,18,Car,55,71,0.5618556701030928
3,1,11,Car,51,2,0.38402061855670105
13,7,24,Car,39,93,0.6185567010309279
4,8,5,Car,31,65,0.5463917525773195
19,3,43,Motorcycle,48,86,0.6005154639175257
6,7,6,Motorcycle,38,87,0.6030927835051546
11,6,41,Car,48,17,0.422680412371134
14,7,43,Car,45,46,0.49742268041237114
18,9,47,Car,52,84,0.595360824742268
12,6,12,Car,47,114,0.6726804123711341
3,9,12,Car,20,49,0.5051546391752577
5,6,45,Motorcycle,29,-45,0.26288659793814434
7,7,37,Motorcycle,45,4,0.38917525773195877
14,8,18,Motorcycle,52,136,0.729381443298969
11,5,9,Motorcycle,19,128,0.7087628865979382
9,6,8,Car,69,96,0.6262886597938144
11,3,40,Car,27,5,0.3917525773195876
16,7,8,Car,40,171,0.8195876288659794
7,2,0,Motorcycle,41,90,0.6108247422680413
1,7,32,Car,42,-51,0.24742268041237114
18,8,12,Car,21,194,0.8788659793814433
0,2,20,Motorcycle,51,-40,0.2757731958762887
9,3,50,Motorcycle,42,-35,0.28865979381443296
8,1,15,Car,45,40,0.48195876288659795
18,8,23,Motorcycle,69,161,0.7938144329896907
11,1,44,Motorcycle,30,-7,0.36082474226804123
19,0,17,Car,57,139,0.7371134020618557
17,10,23,Car,44,151,0.7680412371134021
15,10,9,Motorcycle,55,183,0.8505154639175257
3,0,45,Motorcycle,70,-95,0.13402061855670103
10,5,34,Car,49,23,0.4381443298969072
14,1,32,Motorcycle,56,59,0.5309278350515464
15,10,41,Car,46,77,0.5773195876288659
1,5,6,Motorcycle,54,27,0.4484536082474227
12,0,27,Car,37,39,0.4793814432989691
11,3,35,Car,23,30,0.45618556701030927
7,8,19,Motorcycle,65,63,0.5412371134020618
11,0,38,Car,25,-4,0.36855670103092786
13,8,1,Car,33,167,0.8092783505154639
2,9,33,Car,52,-34,0.2912371134020619
1,4,37,Motorcycle,31,-71,0.1958762886597938
16,6,33,Car,42,91,0.6134020618556701
1,9,33,Motorcycle,65,-34,0.2912371134020619
16,0,3,Car,61,151,0.7680412371134021
1,1,22,Motorcycle,37,-41,0.27319587628865977
1,7,37,Car,66,-66,0.20876288659793815
12,2,50,Motorcycle,29,-10,0.35309278350515466
6,6,33,Motorcycle,52,1,0.38144329896907214
8,3,3,Car,42,86,0.6005154639175257
8,4,13,Car,39,61,0.5360824742268041
13,4,34,Motorcycle,67,58,0.5283505154639175
10,5,15,Motorcycle,40,90,0.6108247422680413
19,0,43,Motorcycle,51,71,0.5618556701030928
18,0,33,Motorcycle,69,91,0.6134020618556701
0,8,30,Motorcycle,57,-40,0.2757731958762887
4,6,41,Car,61,-53,0.2422680412371134
0,6,28,Motorcycle,50,-44,0.2654639175257732
5,10,9,Car,36,73,0.5670103092783505
15,4,11,Car,34,137,0.7319587628865979
19,8,25,Car,23,165,0.8041237113402062
15,9,48,Motorcycle,49,61,0.5360824742268041
19,0,9,Motorcycle,38,173,0.8247422680412371
12,7,32,Motorcycle,45,69,0.5567010309278351
13,5,21,Motorcycle,60,102,0.6417525773195877
10,6,36,Motorcycle,39,32,0.46134020618556704
20,3,11,Car,24,192,0.8737113402061856
9,10,35,Motorcycle,41,45,0.4948453608247423
16,9,44,Motorcycle,66,83,0.5927835051546392
6,0,2,Car,57,54,0.5180412371134021
3,4,32,Motorcycle,49,-36,0.2860824742268041
16,2,28,Motorcycle,70,96,0.6262886597938144
0,1,36,Motorcycle,26,-93,0.13917525773195877
1,10,10,Car,60,30,0.45618556701030927
18,7,35,Car,70,110,0.6623711340206185
0,1,29,Motorcycle,53,-72,0.19329896907216496
11,0,43,Motorcycle,45,-9,0.3556701030927835
18,2,41,Motorcycle,53,77,0.5773195876288659
18,7,23,Motorcycle,19,166,0.8067010309278351
15,8,37,Car,56,79,0.5824742268041238
15,10,29,Motorcycle,52,123,0.6958762886597938
7,8,33,Car,46,11,0.4072164948453608
12,0,35,Car,54,15,0.4175257731958763
13,6,42,Car,40,34,0.46649484536082475
18,5,16,Car,27,157,0.7835051546391752
14,4,20,Car,49,100,0.6365979381443299
14,7,33,Motorcycle,64,86,0.6005154639175257
20,4,3,Car,43,211,0.9226804123711341
7,0,31,Car,20,-13,0.34536082474226804
12,6,45,Car,23,25,0.44329896907216493
11,10,36,Motorcycle,49,62,0.538659793814433
12,4,8,Motorcycle,47,126,0.7036082474226805
15,6,24,Car,58,108,0.6572164948453608
11,4,25,Car,42,55,0.520618556701031
13,0,25,Car,66,55,0.520618556701031
14,2,37,Car,48,39,0.4793814432989691
18,8,10,Motorcycle,38,200,0.8943298969072165
4,7,32,Motorcycle,31,-11,0.35051546391752575
1,8,3,Car,52,41,0.4845360824742268
17,10,21,Motorcycle,43,167,0.8092783505154639
17,6,40,Car,62,80,0.5850515463917526
16,4,13,Car,23,151,0.7680412371134021
9,4,32,Car,50,14,0.41494845360824745
16,9,42,Motorcycle,59,89,0.6082474226804123
2,8,5,Motorcycle,22,65,0.5463917525773195
15,4,21,Car,53,107,0.654639175257732
17,5,40,Motorcycle,41,85,0.5979381443298969
20,3,13,Motorcycle,60,186,0.8582474226804123
6,4,27,Motorcycle,20,19,0.42783505154639173
0,10,34,Motorcycle,36,-42,0.2706185567010309
6,2,0,Car,28,70,0.5592783505154639
12,2,44,Motorcycle,66,8,0.39948453608247425
15,7,39,Car,66,68,0.5541237113402062
10,9,48,Car,45,1,0.38144329896907214
2,5,47,Car,46,-96,0.13144329896907217
8,2,17,Car,40,39,0.4793814432989691
6,1,32,Car,68,-31,0.29896907216494845
2,4,32,Motorcycle,55,-46,0.2603092783505155
0,4,11,Car,51,-13,0.34536082474226804
10,1,42,Car,27,-21,0.3247422680412371
12,8,6,Car,64,142,0.7448453608247423
3,9,18,Motorcycle,38,31,0.4587628865979381
9,2,33,Car,61,1,0.38144329896907214
7,5,5,Car,45,80,0.5850515463917526
16,8,17,Motorcycle,66,159,0.788659793814433
10,2,10,Car,53,80,0.5850515463917526
4,9,12,Car,23,59,0.5309278350515464
17,4,41,Car,45,67,0.5515463917525774
3,9,17,Motorcycle,28,34,0.46649484536082475
5,6,31,Motorcycle,55,-3,0.3711340206185567
6,1,3,Car,55,56,0.5231958762886598
11,10,40,Car,51,40,0.48195876288659795
2,2,34,Motorcycle,66,-62,0.2190721649484536
7,6,42,Motorcycle,41,-16,0.33762886597938147
19,2,30,Car,69,110,0.6623711340206185
20,0,6,Car,53,182,0.8479381443298969
9,0,0,Motorcycle,67,100,0.6365979381443299
0,6,4,Car,54,18,0.4252577319587629
16,9,4,Motorcycle,26,203,0.9020618556701031
17,6,44,Motorcycle,29,78,0.5798969072164949
8,2,0,Motorcycle,31,100,0.6365979381443299
19,3,35,Car,31,100,0.6365979381443299
15,2,22,Motorcycle,64,104,0.6469072164948454
16,0,30,Car,39,70,0.5592783505154639
17,9,39,Car,49,98,0.6314432989690721
10,6,29,Motorcycle,34,53,0.5154639175257731
17,1,22,Motorcycle,70,119,0.6855670103092784
3,10,23,Motorcycle,21,31,0.4587628865979381
7,4,49,Motorcycle,63,-47,0.25773195876288657
9,4,26,Car,42,32,0.46134020618556704
3,2,11,Motorcycle,61,17,0.422680412371134
7,5,2,Motorcycle,55,99,0.634020618556701
16,10,21,Car,39,147,0.7577319587628866
2,2,12,Car,39,-6,0.3634020618556701
4,3,16,Motorcycle,29,17,0.422680412371134
4,2,2,Motorcycle,60,54,0.5180412371134021
6,3,27,Motorcycle,65,4,0.38917525773195877
0,8,12,Motorcycle,66,14,0.41494845360824745
17,10,41,Motorcycle,31,107,0.654639175257732
5,2,35,Car,50,-45,0.26288659793814434
19,4,0,Motorcycle,25,220,0.9458762886597938
14,7,13,Car,29,136,0.729381443298969
8,10,37,Motorcycle,57,29,0.4536082474226804
2,3,18,Car,58,-19,0.32989690721649484
17,3,35,Motorcycle,20,100,0.6365979381443299
15,10,10,Car,64,170,0.8170103092783505
16,3,19,Motorcycle,28,128,0.7087628865979382
8,6,44,Motorcycle,67,-12,0.3479381443298969
12,2,27,Motorcycle,41,59,0.5309278350515464
7,5,9,Car,49,68,0.5541237113402062
12,8,48,Motorcycle,56,26,0.44587628865979384
0,7,38,Motorcycle,50,-69,0.20103092783505155
20,3,12,Car,65,179,0.8402061855670103
11,3,47,Motorcycle,48,-6,0.3634020618556701
11,7,38,Car,18,41,0.4845360824742268
8,2,49,Motorcycle,30,-47,0.25773195876288657
0,2,38,Car,39,-104,0.11082474226804123
20,0,5,Motorcycle,29,195,0.8814432989690721
13,7,22,Car,46,99,0.634020618556701
13,10,12,Motorcycle,28,154,0.7757731958762887
5,0,2,Motorcycle,41,54,0.5180412371134021
15,9,0,Motorcycle,31,205,0.9072164948453608
7,5,49,Car,18,-42,0.2706185567010309
18,4,24,Motorcycle,31,138,0.7345360824742269
4,8,42,Motorcycle,34,-36,0.2860824742268041
14,6,29,Car,46,83,0.5927835051546392
12,4,28,Motorcycle,39,66,0.5489690721649485
5,1,32,Motorcycle,30,-31,0.29896907216494845
16,6,4,Motorcycle,55,188,0.8634020618556701
4,5,8,Car,35,41,0.4845360824742268
9,8,18,Car,55,76,0.5747422680412371
4,10,45,Car,51,-45,0.26288659793814434
16,7,28,Motorcycle,64,121,0.6907216494845361
18,4,7,Motorcycle,23,199,0.8917525773195877
5,2,8,Motorcycle,27,46,0.49742268041237114
14,2,16,Motorcycle,41,112,0.6675257731958762
3,9,22,Car,38,9,0.4020618556701031
16,0,42,Car,45,34,0.46649484536082475
0,1,15,Car,47,-40,0.2757731958762887
17,4,20,Motorcycle,41,140,0.7396907216494846
9,9,48,Car,46,-9,0.3556701030927835
18,4,21,Motorcycle,52,147,0.7577319587628866
1,3,23,Car,18,-34,0.2912371134020619
16,0,33,Motorcycle,37,71,0.5618556701030928
17,5,2,Car,58,189,0.865979381443299
12,10,48,Motorcycle,45,36,0.47164948453608246
6,8,26,Motorcycle,61,32,0.46134020618556704
19,8,11,Motorcycle,52,207,0.9123711340206185
4,7,24,Car,63,3,0.3865979381443299
3,2,15,Car,32,-5,0.36597938144329895
6,5,47,Motorcycle,44,-46,0.2603092783505155
4,1,25,Motorcycle,68,-20,0.327319587628866
18,5,5,Motorcycle,34,200,0.8943298969072165
19,2,22,Car,44,134,0.7242268041237113
6,1,34,Car,21,-27,0.30927835051546393
12,2,29,Motorcycle,50,53,0.5154639175257731
3,10,12,Motorcycle,25,54,0.5180412371134021
14,9,44,Car,53,53,0.5154639175257731
19,6,20,Car,51,160,0.7912371134020618
17,7,46,Motorcycle,41,77,0.5773195876288659
3,4,33,Motorcycle,66,-39,0.27835051546391754
3,6,11,Car,53,27,0.4484536082474227
1,1,46,Motorcycle,21,-103,0.1134020618556701
19,5,30,Car,56,125,0.7010309278350515
4,7,46,Motorcycle,18,-43,0.26804123711340205
7,5,11,Motorcycle,67,72,0.5644329896907216
10,4,6,Car,56,102,0.6417525773195877
10,8,31,Car,58,47,0.5
17,2,34,Motorcycle,25,88,0.6056701030927835
18,9,41,Car,44,102,0.6417525773195877
16,6,21,Car,36,127,0.7061855670103093
0,1,10,Car,30,-25,0.31443298969072164
4,8,27,Motorcycle,24,19,0.42783505154639173
2,10,17,Car,51,19,0.42783505154639173
13,7,38,Motorcycle,26,61,0.5360824742268041
1,9,6,Motorcycle,54,47,0.5
2,1,11,Motorcycle,43,2,0.38402061855670105
2,1,48,Motorcycle,23,-99,0.12371134020618557
19,1,29,Car,45,108,0.6572164948453608
20,9,13,Car,42,206,0.9097938144329897
12,7,46,Motorcycle,36,27,0.4484536082474227
7,9,19,Car,49,58,0.5283505154639175
13,8,7,Car,51,149,0.7628865979381443
17,9,16,Motorcycle,69,177,0.8350515463917526
19,3,6,Car,51,187,0.8608247422680413
12,10,40,Car,44,50,0.5077319587628866
17,10,15,Car,49,175,0.8298969072164949
0,5,2,Car,32,19,0.42783505154639173
1,1,10,Car,30,-15,0.3402061855670103
4,1,41,Car,53,-78,0.17783505154639176
10,0,42,Car,42,-26,0.3118556701030928
10,7,40,Motorcycle,26,25,0.44329896907216493
0,6,29,Car,27,-57,0.23195876288659795
2,2,10,Car,70,0,0.3788659793814433
1,10,10,Car,57,30,0.45618556701030927
13,6,31,Car,29,67,0.5515463917525774
19,4,17,Car,30,159,0.788659793814433
15,1,35,Car,35,50,0.5077319587628866
17,0,36,Motorcycle,53,72,0.5644329896907216
4,4,36,Car,50,-48,0.2551546391752577
7,4,17,Motorcycle,18,59,0.5309278350515464
6,7,49,Car,64,-52,0.24484536082474226
9,0,21,Car,29,27,0.4484536082474227
15,0,27,Motorcycle,37,79,0.5824742268041238
18,7,25,Car,42,140,0.7396907216494846
10,9,47,Car,29,4,0.38917525773195877
18,0,8,Car,69,156,0.7809278350515464
2,6,33,Car,46,-49,0.25257731958762886
17,9,47,Motorcycle,35,84,0.595360824742268
3,4,9,Motorcycle,22,43,0.4896907216494845
19,6,11,Car,40,187,0.8608247422680413
16,10,48,Motorcycle,40,76,0.5747422680412371
12,7,47,Motorcycle,19,34,0.46649484536082475
3,6,28,Car,63,-24,0.3170103092783505
13,6,16,Motorcycle,19,132,0.7190721649484536
2,6,48,Car,26,-94,0.13659793814432988
20,0,2,Car,41,194,0.8788659793814433
3,7,8,Motorcycle,65,51,0.5103092783505154
17,5,33,Car,34,96,0.6262886597938144
12,2,48,Car,56,-14,0.3427835051546392
6,2,14,Motorcycle,40,38,0.47680412371134023
10,4,40,Car,29,0,0.3788659793814433
10,0,1,Car,62,97,0.6288659793814433
5,4,46,Motorcycle,46,-58,0.22938144329896906
10,7,31,Motorcycle,53,52,0.5128865979381443
8,3,22,Car,30,29,0.4536082474226804
15,8,45,Motorcycle,21,75,0.5721649484536082
4,6,0,Motorcycle,60,80,0.5850515463917526
19,6,12,Motorcycle,30,194,0.8788659793814433
5,5,40,Car,20,-35,0.28865979381443296
3,2,0,Car,29,40,0.48195876288659795
7,6,28,Motorcycle,26,26,0.44587628865979384
15,6,31,Motorcycle,19,107,0.654639175257732
15,5,28,Car,37,91,0.6134020618556701
10,0,19,Motorcycle,54,53,0.5154639175257731
19,2,32,Car,70,104,0.6469072164948454
13,1,42,Motorcycle,48,19,0.42783505154639173
7,6,43,Car,37,-29,0.30412371134020616
5,1,4,Motorcycle,37,53,0.5154639175257731
7,4,50,Car,53,-60,0.22422680412371135
18,2,17,Car,70,139,0.7371134020618557
7,1,29,Car,25,-12,0.3479381443298969
0,5,38,Motorcycle,28,-79,0.17525773195876287
12,2,26,Motorcycle,63,62,0.538659793814433
7,1,25,Motorcycle,46,10,0.40463917525773196
20,5,18,Motorcycle,53,181,0.845360824742268
8,2,20,Motorcycle,68,40,0.48195876288659795
15,6,47,Car,65,39,0.4793814432989691
20,6,41,Car,67,107,0.654639175257732
4,10,7,Motorcycle,68,79,0.5824742268041238
10,2,34,Car,21,18,0.4252577319587629
16,0,28,Motorcycle,27,86,0.6005154639175257
20,4,32,Motorcycle,60,134,0.7242268041237113
8,5,49,Car,36,-42,0.2706185567010309
16,7,38,Car,23,91,0.6134020618556701
14,3,12,Car,44,119,0.6855670103092784
0,6,24,Motorcycle,33,-32,0.2963917525773196
20,5,46,Motorcycle,40,97,0.6288659793814433
15,5,46,Motorcycle,31,47,0.5
12,9,7,Motorcycle,35,154,0.7757731958762887
19,10,9,Motorcycle,61,223,0.9536082474226805
2,2,39,Car,52,-87,0.15463917525773196
13,0,45,Motorcycle,32,5,0.3917525773195876
2,5,33,Motorcycle,28,-44,0.2654639175257732
17,1,30,Motorcycle,21,105,0.6494845360824743
13,3,35,Car,26,40,0.48195876288659795
16,10,34,Car,45,108,0.6572164948453608
5,0,39,Motorcycle,19,-47,0.25773195876288657
7,7,2,Car,57,99,0.634020618556701
1,1,29,Car,68,-72,0.19329896907216496
17,9,39,Motorcycle,62,108,0.6572164948453608
2,3,22,Motorcycle,36,-21,0.3247422680412371
20,6,35,Motorcycle,26,135,0.7268041237113402
1,5,0,Car,18,45,0.4948453608247423
4,6,26,Car,69,-8,0.3582474226804124
8,9,4,Car,30,113,0.6701030927835051
18,6,43,Car,59,81,0.5876288659793815
1,1,47,Car,29,-126,0.05412371134020619
3,5,9,Car,28,28,0.45103092783505155
16,10,6,Motorcycle,62,202,0.8994845360824743
3,4,29,Motorcycle,60,-27,0.30927835051546393
5,7,5,Car,24,80,0.5850515463917526
1,6,1,Motorcycle,40,47,0.5
3,3,22,Motorcycle,62,-11,0.35051546391752575
7,2,26,Motorcycle,25,12,0.4097938144329897
1,3,29,Motorcycle,30,-52,0.24484536082474226
1,6,5,Car,38,25,0.44329896907216493
7,5,16,Motorcycle,59,57,0.5257731958762887
4,7,26,Motorcycle,47,7,0.39690721649484534
13,7,44,Motorcycle,54,43,0.4896907216494845
12,6,26,Car,21,82,0.5902061855670103
18,6,14,Car,62,168,0.8118556701030928
0,5,24,Motorcycle,25,-37,0.28350515463917525
11,8,8,Motorcycle,31,136,0.729381443298969
19,5,19,Motorcycle,36,168,0.8118556701030928
2,3,29,Motorcycle,42,-42,0.2706185567010309
13,7,11,Motorcycle,51,142,0.7448453608247423
4,2,46,Motorcycle,52,-78,0.17783505154639176
16,7,21,Car,62,132,0.7190721649484536
16,2,2,Motorcycle,39,174,0.8273195876288659
10,9,26,Car,53,67,0.5515463917525774
11,5,48,Motorcycle,46,1,0.38144329896907214
3,0,43,Motorcycle,67,-89,0.14948453608247422
8,2,4,Motorcycle,56,88,0.6056701030927835
19,8,22,Motorcycle,62,174,0.8273195876288659
14,1,18,Car,45,91,0.6134020618556701
0,8,38,Motorcycle,48,-64,0.21391752577319587
20,2,1,Car,45,207,0.9123711340206185
20,8,4,Car,19,238,0.9922680412371134
0,6,39,Motorcycle,26,-77,0.18041237113402062
2,8,19,Car,43,3,0.3865979381443299
11,3,27,Car,47,44,0.49226804123711343
5,6,7,Car,33,59,0.5309278350515464
2,4,48,Car,21,-94,0.13659793814432988
7,0,29,Motorcycle,69,-7,0.36082474226804123
12,6,34,Car,41,48,0.5025773195876289
11,6,24,Motorcycle,49,78,0.5798969072164949
19,3,12,Motorcycle,54,179,0.8402061855670103
1,4,5,Car,39,15,0.4175257731958763
16,8,44,Car,39,68,0.5541237113402062
18,6,13,Car,20,181,0.845360824742268
18,0,48,Motorcycle,69,46,0.49742268041237114
14,0,38,Car,49,26,0.44587628865979384
15,3,15,Motorcycle,26,130,0.7139175257731959
15,5,0,Motorcycle,23,195,0.8814432989690721
5,7,49,Motorcycle,69,-52,0.24484536082474226
1,0,4,Motorcycle,30,8,0.39948453608247425
10,9,45,Car,54,10,0.40463917525773196
2,9,22,Motorcycle,28,9,0.4020618556701031
8,8,30,Motorcycle,56,40,0.48195876288659795
19,0,32,Motorcycle,68,104,0.6469072164948454
15,1,31,Car,58,62,0.538659793814433
7,9,45,Car,29,-20,0.327319587628866
12,4,36,Motorcycle,60,42,0.48711340206185566
3,0,3,Motorcycle,47,31,0.4587628865979381
1,2,35,Motorcycle,55,-75,0.18556701030927836
16,4,19,Motorcycle,58,133,0.7216494845360825
17,8,34,Motorcycle,62,118,0.6829896907216495
16,2,17,Motorcycle,27,129,0.711340206185567
5,2,44,Car,59,-72,0.19329896907216496
19,7,3,Car,42,216,0.9355670103092784
10,6,8,Motorcycle,61,116,0.6778350515463918
19,3,1,Motorcycle,57,212,0.9252577319587629
17,10,15,Car,51,175,0.8298969072164949
13,2,41,Motorcycle,27,27,0.4484536082474227
0,6,8,Motorcycle,24,26,0.44587628865979384
1,5,22,Motorcycle,42,-21,0.3247422680412371
6,4,10,Motorcycle,41,60,0.5335051546391752
9,10,44,Motorcycle,58,18,0.4252577319587629
5,3,12,Motorcycle,23,49,0.5051546391752577
12,3,3,Car,32,126,0.7036082474226805
10,9,22,Motorcycle,41,89,0.6082474226804123
16,7,12,Motorcycle,34,169,0.8144329896907216
17,4,25,Car,58,115,0.6752577319587629
4,4,26,Motorcycle,44,-8,0.3582474226804124
14,5,40,Car,32,45,0.4948453608247423
13,9,41,Car,29,52,0.5128865979381443
17,4,0,Motorcycle,33,200,0.8943298969072165
6,1,38,Motorcycle,58,-39,0.27835051546391754
10,1,27,Motorcycle,33,34,0.46649484536082475
5,10,40,Car,37,-20,0.327319587628866
4,7,36,Motorcycle,36,-23,0.31958762886597936
4,9,21,Car,33,22,0.43556701030927836
20,0,21,Motorcycle,23,157,0.7835051546391752
18,0,6,Motorcycle,25,172,0.8221649484536082
18,5,12,Motorcycle,25,179,0.8402061855670103
10,7,7,Motorcycle,40,124,0.6984536082474226
11,0,3,Car,66,101,0.6391752577319587
14,5,10,Motorcycle,37,145,0.7525773195876289
19,2,27,Motorcycle,32,129,0.711340206185567
16,0,49,Car,20,23,0.4381443298969072
1,9,49,Motorcycle,61,-82,0.16752577319587628
8,7,24,Motorcycle,33,53,0.5154639175257731
7,5,49,Car,38,-52,0.24484536082474226
5,0,46,Motorcycle,28,-78,0.17783505154639176
15,3,9,Motorcycle,39,148,0.7603092783505154
9,5,44,Car,60,-17,0.33505154639175255
20,10,44,Car,59,118,0.6829896907216495
0,3,36,Motorcycle,67,-83,0.16494845360824742
14,2,8,Car,67,126,0.7036082474226805
2,10,9,Car,66,43,0.4896907216494845
19,2,35,Car,47,95,0.6237113402061856
4,0,1,Car,61,37,0.4742268041237113
0,8,38,Motorcycle,22,-54,0.23969072164948454
20,3,20,Motorcycle,54,165,0.8041237113402062
5,9,45,Motorcycle,28,-30,0.3015463917525773
17,9,25,Motorcycle,18,160,0.7912371134020618
4,9,44,Car,36,-47,0.25773195876288657
0,6,25,Motorcycle,62,-35,0.28865979381443296
17,10,5,Car,21,215,0.9329896907216495
17,4,0,Motorcycle,66,200,0.8943298969072165
8,9,39,Motorcycle,42,18,0.4252577319587629
9,3,6,Motorcycle,46,97,0.6288659793814433
4,4,6,Car,52,42,0.48711340206185566
9,1,39,Motorcycle,61,-12,0.3479381443298969
12,0,50,Motorcycle,26,-20,0.327319587628866
16,9,17,Car,55,154,0.7757731958762887
3,1,11,Motorcycle,60,12,0.4097938144329897
0,10,17,Car,49,-1,0.37628865979381443
14,10,37,Motorcycle,59,89,0.6082474226804123
0,1,30,Car,68,-85,0.15979381443298968
11,7,50,Car,30,-5,0.36597938144329895
1,2,49,Motorcycle,61,-117,0.07731958762886598
18,7,9,Car,56,188,0.8634020618556701
14,0,12,Car,66,104,0.6469072164948454
12,10,17,Motorcycle,44,129,0.711340206185567
8,1,36,Motorcycle,22,-3,0.3711340206185567
5,8,32,Car,56,-6,0.3634020618556701
2,0,3,Motorcycle,33,21,0.4329896907216495
17,10,12,Car,45,184,0.8530927835051546
15,10,47,Motorcycle,28,69,0.5567010309278351
3,3,37,Motorcycle,60,-56,0.2345360824742268
16,5,7,Motorcycle,25,174,0.8273195876288659
18,1,46,Car,42,47,0.5
5,10,5,Motorcycle,51,95,0.6237113402061856
18,2,17,Car,50,139,0.7371134020618557
7,1,18,Car,42,21,0.4329896907216495
17,4,18,Car,38,136,0.729381443298969
4,7,17,Car,48,24,0.44072164948453607
13,9,33,Motorcycle,22,96,0.6262886597938144
19,8,10,Motorcycle,30,210,0.9201030927835051
15,4,49,Car,48,23,0.4381443298969072
19,10,9,Motorcycle,64,223,0.9536082474226805
14,4,26,Motorcycle,38,92,0.615979381443299
18,6,4,Motorcycle,51,208,0.9149484536082474
0,5,40,Motorcycle,69,-85,0.15979381443298968
4,1,25,Car,23,-20,0.327319587628866
6,0,50,Motorcycle,37,-80,0.17268041237113402
20,1,37,Motorcycle,25,104,0.6469072164948454
12,0,7,Motorcycle,64,109,0.6597938144329897
3,3,33,Car,42,-54,0.23969072164948454
18,5,17,Car,27,154,0.7757731958762887
13,5,47,Car,67,14,0.41494845360824745
19,6,39,Motorcycle,35,113,0.6701030927835051
17,9,48,Car,52,71,0.5618556701030928
1,2,17,Car,32,-31,0.29896907216494845
18,10,38,Motorcycle,20,136,0.729381443298969
12,9,8,Motorcycle,57,151,0.7680412371134021
15,5,38,Motorcycle,27,71,0.5618556701030928
7,7,23,Motorcycle,45,46,0.49742268041237114
2,5,34,Car,29,-57,0.23195876288659795
7,9,37,Car,61,4,0.38917525773195877
13,8,27,Motorcycle,65,99,0.634020618556701
16,1,4,Car,65,153,0.7731958762886598
1,5,2,Car,40,29,0.4536082474226804
16,8,45,Motorcycle,50,75,0.5721649484536082
13,9,49,Motorcycle,58,38,0.47680412371134023
5,1,25,Car,59,-20,0.327319587628866
18,4,6,Car,22,192,0.8737113402061856
16,0,10,Motorcycle,47,140,0.7396907216494846
12,2,19,Motorcycle,55,83,0.5927835051546392
4,0,45,Motorcycle,60,-85,0.15979381443298968
16,9,15,Car,52,160,0.7912371134020618
19,7,20,Car,65,165,0.8041237113402062
14,10,15,Car,56,145,0.7525773195876289
8,9,35,Motorcycle,39,30,0.45618556701030927
14,3,47,Motorcycle,40,24,0.44072164948453607
17,8,7,Car,35,189,0.865979381443299
10,7,40,Car,68,15,0.4175257731958763
14,7,36,Motorcycle,21,87,0.6030927835051546
6,8,49,Car,36,-47,0.25773195876288657
13,1,28,Car,23,61,0.5360824742268041
4,9,44,Car,59,-47,0.25773195876288657
15,8,46,Car,52,52,0.5128865979381443
14,9,9,Car,27,158,0.7860824742268041
10,0,36,Car,68,-8,0.3582474226804124
11,7,23,Car,69,76,0.5747422680412371
14,7,35,Car,46,70,0.5592783505154639
11,6,28,Motorcycle,50,66,0.5489690721649485
20,5,18,Motorcycle,47,181,0.845360824742268
2,8,14,Car,50,18,0.4252577319587629
0,5,39,Motorcycle,49,-82,0.16752577319587628
14,4,20,Car,28,100,0.6365979381443299
6,0,36,Motorcycle,27,-38,0.2809278350515464
18,9,8,Motorcycle,39,211,0.9226804123711341
14,1,48,Motorcycle,53,11,0.4072164948453608
13,8,39,Car,46,53,0.5154639175257731
12,0,13,Car,27,81,0.5876288659793815
5,3,43,Car,66,-64,0.21391752577319587
19,7,40,Motorcycle,60,115,0.6752577319587629
19,3,21,Motorcycle,46,152,0.770618556701031
8,7,47,Motorcycle,23,-6,0.3634020618556701
8,5,32,Car,22,19,0.42783505154639173
15,10,32,Car,35,104,0.6469072164948454
20,3,30,Car,66,125,0.7010309278350515
10,8,9,Motorcycle,66,123,0.6958762886597938
10,10,27,Motorcycle,18,89,0.6082474226804123
20,3,28,Motorcycle,70,141,0.7422680412371134
17,1,43,Motorcycle,22,66,0.5489690721649485
0,3,23,Car,66,-54,0.23969072164948454
7,3,28,Motorcycle,26,11,0.4072164948453608
6,0,2,Motorcycle,57,64,0.5438144329896907
2,7,20,Car,67,-5,0.36597938144329895
1,2,22,Car,42,-46,0.2603092783505155
16,0,32,Motorcycle,46,74,0.5695876288659794
13,6,7,Motorcycle,62,149,0.7628865979381443
17,6,21,Motorcycle,45,147,0.7577319587628866
7,7,20,Car,61,45,0.4948453608247423
1,7,19,Car,56,-12,0.3479381443298969
2,1,25,Motorcycle,22,-30,0.3015463917525773
0,2,47,Car,44,-131,0.041237113402061855
18,8,37,Motorcycle,42,119,0.6855670103092784
6,5,24,Motorcycle,29,23,0.4381443298969072
6,1,19,Motorcycle,62,18,0.4252577319587629
3,7,42,Motorcycle,43,-51,0.24742268041237114
4,3,13,Car,70,16,0.42010309278350516
19,1,44,Car,41,63,0.5412371134020618
18,6,27,Car,45,129,0.711340206185567
6,8,22,Motorcycle,66,44,0.49226804123711343
14,2,27,Car,38,69,0.5567010309278351
15,7,3,Motorcycle,37,186,0.8582474226804123
17,8,33,Motorcycle,70,121,0.6907216494845361
1,9,29,Motorcycle,29,-22,0.32216494845360827
9,6,21,Car,44,57,0.5257731958762887
19,9,2,Car,59,229,0.9690721649484536
17,8,38,Motorcycle,59,106,0.6520618556701031
11,5,24,Motorcycle,24,83,0.5927835051546392
0,0,17,Motorcycle,51,-41,0.27319587628865977
3,0,13,Motorcycle,31,1,0.38144329896907214
4,9,9,Motorcycle,69,68,0.5541237113402062
20,4,41,Motorcycle,20,117,0.6804123711340206
19,6,25,Car,63,145,0.7525773195876289
15,0,37,Car,26,39,0.4793814432989691
5,9,14,Car,47,53,0.5154639175257731
20,4,29,Motorcycle,39,143,0.7474226804123711
4,2,47,Motorcycle,66,-81,0.17010309278350516
9,2,7,Car,49,79,0.5824742268041238
16,4,27,Motorcycle,26,109,0.6597938144329897
16,7,28,Car,68,111,0.6649484536082474
5,1,22,Car,65,-11,0.35051546391752575
0,9,4,Motorcycle,56,43,0.4896907216494845
3,6,3,Car,38,51,0.5103092783505154
8,4,24,Motorcycle,42,38,0.47680412371134023
9,6,39,Car,46,3,0.3865979381443299
10,10,26,Motorcycle,64,82,0.5902061855670103
6,8,9,Car,65,73,0.5670103092783505
12,6,41,Motorcycle,60,37,0.4742268041237113
11,9,7,Motorcycle,32,144,0.75
2,2,20,Motorcycle,39,-20,0.327319587628866
17,7,11,Car,43,172,0.8221649484536082
7,4,6,Car,38,72,0.5644329896907216
7,0,28,Car,50,-14,0.3427835051546392
6,1,45,Car,38,-70,0.19845360824742267
5,6,2,Car,58,74,0.5695876288659794
9,4,39,Car,51,-7,0.36082474226804123
12,0,27,Motorcycle,30,49,0.5051546391752577
8,0,31,Motorcycle,51,-3,0.3711340206185567
1,2,35,Car,25,-85,0.15979381443298968
14,10,12,Motorcycle,27,164,0.8015463917525774
13,10,0,Motorcycle,42,190,0.8685567010309279
15,7,23,Motorcycle,32,126,0.7036082474226805
4,6,5,Car,41,55,0.520618556701031
20,6,0,Motorcycle,55,240,0.9974226804123711
2,7,35,Motorcycle,23,-30,0.3015463917525773
7,7,10,Car,64,75,0.5721649484536082
13,0,29,Motorcycle,59,53,0.5154639175257731
8,9,17,Motorcycle,64,84,0.595360824742268
5,4,48,Motorcycle,22,-54,0.23969072164948454
7,1,40,Car,30,-45,0.26288659793814434
15,4,18,Motorcycle,42,126,0.7036082474226805
15,9,47,Car,35,54,0.5180412371134021
9,5,10,Motorcycle,32,95,0.6237113402061856
19,9,19,Car,32,178,0.8376288659793815
9,0,37,Car,35,-21,0.3247422680412371
11,6,13,Car,48,101,0.6391752577319587
3,4,3,Car,27,41,0.4845360824742268
7,4,36,Car,55,-18,0.3324742268041237
18,1,3,Motorcycle,19,196,0.884020618556701
8,7,35,Car,69,10,0.40463917525773196
1,10,7,Motorcycle,18,59,0.5309278350515464
3,0,10,Car,65,0,0.3788659793814433
18,1,20,Car,68,125,0.7010309278350515
17,2,28,Car,44,96,0.6262886597938144
14,10,8,Car,29,166,0.8067010309278351
10,10,8,Motorcycle,57,136,0.729381443298969
10,10,17,Car,59,99,0.634020618556701
11,10,17,Motorcycle,38,119,0.6855670103092784
13,8,5,Motorcycle,43,165,0.8041237113402062
14,7,31,Car,63,82,0.5902061855670103
5,10,29,Motorcycle,51,23,0.4381443298969072
10,9,16,Car,68,97,0.6288659793814433
7,8,22,Motorcycle,69,54,0.5180412371134021
17,0,35,Car,39,65,0.5463917525773195
5,0,50,Motorcycle,33,-90,0.14690721649484537
6,0,35,Motorcycle,51,-35,0.28865979381443296
11,2,16,Car,66,72,0.5644329896907216
11,6,27,Car,18,69,0.5567010309278351
17,8,32,Motorcycle,29,124,0.6984536082474226
18,3,47,Car,46,54,0.5180412371134021
5,7,2,Car,51,79,0.5824742268041238
17,3,11,Motorcycle,28,162,0.7963917525773195
8,3,18,Motorcycle,31,51,0.5103092783505154
17,5,24,Motorcycle,39,133,0.7216494845360825
10,5,24,Car,28,53,0.5154639175257731
7,4,0,Motorcycle,57,100,0.6365979381443299
11,8,45,Motorcycle,57,25,0.44329896907216493
14,10,8,Car,50,166,0.8067010309278351
0,9,23,Car,54,-24,0.3170103092783505
1,2,1,Car,22,27,0.4484536082474227
1,8,29,Car,53,-37,0.28350515463917525
4,5,47,Car,26,-76,0.18298969072164947
12,7,38,Motorcycle,41,51,0.5103092783505154
8,5,38,Car,41,-9,0.3556701030927835
18,4,44,Motorcycle,31,78,0.5798969072164949
12,4,50,Car,54,-10,0.35309278350515466
19,7,50,Car,36,75,0.5721649484536082
3,8,17,Car,64,19,0.42783505154639173
10,8,19,Motorcycle,52,93,0.6185567010309279
7,5,25,Motorcycle,36,30,0.45618556701030927
20,6,5,Motorcycle,38,225,0.9587628865979382
14,6,46,Car,44,32,0.46134020618556704
8,3,21,Motorcycle,46,42,0.48711340206185566
14,6,34,Motorcycle,30,78,0.5798969072164949
3,0,33,Car,35,-69,0.20103092783505155
3,5,38,Car,20,-49,0.25257731958762886
17,6,50,Motorcycle,70,60,0.5335051546391752
12,9,27,Car,54,84,0.595360824742268
13,5,41,Car,28,32,0.46134020618556704
7,4,37,Car,52,-21,0.3247422680412371
15,3,49,Motorcycle,57,28,0.45103092783505155
14,0,4,Car,28,128,0.7087628865979382
7,5,19,Motorcycle,69,48,0.5025773195876289
19,1,33,Motorcycle,20,116,0.6778350515463918
10,5,21,Car,19,72,0.5644329896907216
13,1,4,Car,41,123,0.6958762886597938
18,1,25,Car,18,120,0.6881443298969072
1,8,7,Motorcycle,28,39,0.4793814432989691
11,7,36,Motorcycle,22,57,0.5257731958762887
18,9,31,Car,38,132,0.7190721649484536
14,3,47,Car,23,24,0.44072164948453607
5,5,2,Car,61,69,0.5567010309278351
8,2,25,Motorcycle,54,25,0.44329896907216493
18,6,12,Motorcycle,64,184,0.8530927835051546
2,3,5,Motorcycle,21,40,0.48195876288659795
11,8,35,Car,63,45,0.4948453608247423
12,4,30,Motorcycle,31,60,0.5335051546391752
11,8,9,Car,48,123,0.6958762886597938
8,0,49,Car,61,-67,0.20618556701030927
4,8,17,Car,20,39,0.4793814432989691
17,10,29,Motorcycle,51,143,0.7474226804123711
12,4,11,Car,45,107,0.654639175257732
17,0,34,Car,23,78,0.5798969072164949
10,5,43,Motorcycle,69,6,0.3943298969072165
16,5,43,Car,31,56,0.5231958762886598
10,2,33,Car,55,11,0.4072164948453608
11,4,28,Motorcycle,41,56,0.5231958762886598
2,8,22,Car,33,-6,0.3634020618556701
10,8,25,Motorcycle,28,75,0.5721649484536082
12,4,27,Car,46,59,0.5309278350515464
17,1,17,Car,53,124,0.6984536082474226
7,8,33,Car,42,11,0.4072164948453608
16,8,33,Motorcycle,48,111,0.6649484536082474
10,8,25,Motorcycle,62,75,0.5721649484536082
2,3,20,Motorcycle,41,-15,0.3402061855670103
15,3,7,Car,26,144,0.75
11,2,0,Car,47,120,0.6881443298969072
14,10,12,Motorcycle,48,164,0.8015463917525774
19,9,49,Car,53,88,0.6056701030927835
20,5,7,Motorcycle,28,214,0.9304123711340206
9,7,44,Motorcycle,64,3,0.3865979381443299
3,5,23,Motorcycle,43,-4,0.36855670103092786
16,8,38,Motorcycle,23,106,0.6520618556701031
0,7,2,Car,63,29,0.4536082474226804
13,9,9,Car,23,158,0.7860824742268041
6,0,30,Motorcycle,54,-20,0.327319587628866
4,2,50,Car,48,-100,0.1211340206185567
3,7,26,Motorcycle,21,7,0.39690721649484534
19,3,12,Car,29,169,0.8144329896907216
17,10,18,Car,45,166,0.8067010309278351
16,5,39,Car,58,68,0.5541237113402062
7,1,49,Car,18,-62,0.2190721649484536
11,5,29,Motorcycle,45,58,0.5283505154639175
2,1,46,Car,29,-113,0.08762886597938144
8,1,38,Motorcycle,54,-19,0.32989690721649484
8,2,6,Motorcycle,20,92,0.615979381443299
6,4,2,Motorcycle,39,84,0.595360824742268
20,3,49,Car,27,68,0.5541237113402062
1,1,13,Motorcycle,48,-14,0.3427835051546392
4,9,16,Motorcycle,45,47,0.5
19,1,31,Motorcycle,36,112,0.6675257731958762
11,2,8,Car,64,96,0.6262886597938144
5,8,41,Car,67,-33,0.29381443298969073
7,1,39,Motorcycle,42,-32,0.2963917525773196
10,7,31,Car,58,42,0.48711340206185566
9,8,25,Motorcycle,69,65,0.5463917525773195
19,2,18,Motorcycle,40,156,0.7809278350515464
19,9,19,Car,68,178,0.8376288659793815
18,6,28,Car,47,126,0.7036082474226805
19,5,1,Motorcycle,58,222,0.9510309278350515
5,1,26,Car,63,-23,0.31958762886597936
13,9,30,Motorcycle,68,95,0.6237113402061856
15,6,21,Motorcycle,34,127,0.7061855670103093
19,9,11,Motorcycle,57,212,0.9252577319587629
12,2,35,Car,29,25,0.44329896907216493
11,5,34,Car,50,33,0.4639175257731959
0,6,0,Motorcycle,58,40,0.48195876288659795
14,1,24,Motorcycle,45,83,0.5927835051546392
7,5,46,Motorcycle,30,-33,0.29381443298969073
0,8,32,Motorcycle,32,-46,0.2603092783505155
1,4,40,Motorcycle,68,-80,0.17268041237113402
15,6,4,Motorcycle,31,178,0.8376288659793815
13,5,29,Car,70,68,0.5541237113402062
11,6,18,Car,19,96,0.6262886597938144
15,0,37,Motorcycle,49,49,0.5051546391752577
4,2,39,Motorcycle,66,-57,0.23195876288659795
10,5,2,Motorcycle,67,129,0.711340206185567
7,6,33,Motorcycle,27,11,0.4072164948453608
10,2,25,Car,59,35,0.4690721649484536
11,9,27,Motorcycle,32,84,0.595360824742268
0,1,45,Car,33,-130,0.04381443298969072
17,4,22,Motorcycle,29,134,0.7242268041237113
12,8,42,Car,22,44,0.49226804123711343
11,8,49,Motorcycle,51,13,0.41237113402061853
15,3,6,Motorcycle,63,157,0.7835051546391752
20,7,29,Motorcycle,59,158,0.7860824742268041
2,10,32,Motorcycle,45,-16,0.33762886597938147
2,2,39,Motorcycle,68,-77,0.18041237113402062
10,9,23,Motorcycle,49,86,0.6005154639175257
4,1,37,Car,35,-66,0.20876288659793815
4,10,10,Motorcycle,33,70,0.5592783505154639
19,1,9,Motorcycle,56,178,0.8376288659793815
12,1,1,Motorcycle,20,142,0.7448453608247423
17,6,0,Car,39,200,0.8943298969072165
16,3,3,Motorcycle,53,176,0.8324742268041238
15,6,25,Car,35,105,0.6494845360824743
6,5,40,Motorcycle,57,-25,0.31443298969072164
6,4,12,Car,48,44,0.49226804123711343
16,2,3,Car,67,161,0.7938144329896907
9,7,34,Car,27,23,0.4381443298969072
13,8,27,Motorcycle,43,99,0.634020618556701
9,8,49,Car,47,-17,0.33505154639175255
2,0,1,Car,66,17,0.422680412371134
9,7,8,Car,20,111,0.6649484536082474
14,8,38,Car,66,66,0.5489690721649485
4,8,33,Car,18,-9,0.3556701030927835
20,7,43,Motorcycle,67,116,0.6778350515463918
0,4,31,Car,43,-73,0.19072164948453607
10,10,29,Motorcycle,65,73,0.5670103092783505
13,6,48,Motorcycle,23,36,0.47164948453608246
11,9,45,Motorcycle,38,30,0.45618556701030927
2,6,13,Motorcycle,31,21,0.4329896907216495
5,8,14,Car,55,48,0.5025773195876289
7,3,28,Motorcycle,38,11,0.4072164948453608
17,7,16,Motorcycle,61,167,0.8092783505154639
3,8,35,Car,48,-35,0.28865979381443296
15,4,24,Car,20,108,0.6572164948453608
2,2,45,Motorcycle,55,-95,0.13402061855670103
16,3,6,Car,70,157,0.7835051546391752
19,0,18,Motorcycle,40,146,0.7551546391752577
18,4,33,Motorcycle,47,111,0.6649484536082474
18,8,8,Car,38,196,0.884020618556701
10,0,14,Car,19,68,0.5541237113402062
18,10,18,Car,59,176,0.8324742268041238
3,4,41,Car,40,-73,0.19072164948453607
17,2,39,Motorcycle,25,73,0.5670103092783505
7,6,24,Motorcycle,56,38,0.47680412371134023
10,2,12,Car,34,74,0.5695876288659794
14,2,9,Car,70,123,0.6958762886597938
5,2,48,Motorcycle,46,-74,0.18814432989690721
11,7,33,Motorcycle,69,56,0.5231958762886598
19,10,49,Motorcycle,63,103,0.6443298969072165
10,9,33,Car,41,46,0.49742268041237114
10,10,50,Car,46,0,0.3788659793814433
9,6,24,Car,64,48,0.5025773195876289
3,9,15,Car,27,30,0.45618556701030927
11,6,46,Motorcycle,59,12,0.4097938144329897
0,0,39,Car,45,-117,0.07731958762886598
6,2,6,Motorcycle,33,62,0.538659793814433
19,1,17,Motorcycle,44,154,0.7757731958762887
1,10,8,Car,33,36,0.47164948453608246
12,4,47,Car,68,-1,0.37628865979381443
9,6,1,Car,64,117,0.6804123711340206
19,3,7,Motorcycle,32,194,0.8788659793814433
11,8,20,Car,56,90,0.6108247422680413
3,7,40,Motorcycle,34,-45,0.26288659793814434
9,5,8,Motorcycle,47,101,0.6391752577319587
8,9,0,Car,36,125,0.7010309278350515
20,0,41,Car,24,87,0.6030927835051546
8,2,2,Car,19,94,0.6211340206185567
9,1,32,Motorcycle,35,9,0.4020618556701031
13,0,22,Car,18,74,0.5695876288659794
15,5,10,Motorcycle,48,155,0.7783505154639175
15,9,30,Car,67,105,0.6494845360824743
4,7,8,Motorcycle,70,61,0.5360824742268041
1,10,21,Motorcycle,19,17,0.422680412371134
5,3,45,Motorcycle,29,-60,0.22422680412371135
10,4,3,Car,49,111,0.6649484536082474
0,4,5,Car,50,5,0.3917525773195876
19,7,27,Motorcycle,28,154,0.7757731958762887
6,1,26,Motorcycle,21,7,0.39690721649484534
3,7,12,Motorcycle,42,39,0.4793814432989691
16,7,0,Motorcycle,30,205,0.9072164948453608
3,8,3,Motorcycle,44,71,0.5618556701030928
6,9,43,Motorcycle,22,-4,0.36855670103092786
9,5,32,Motorcycle,59,29,0.4536082474226804
5,6,40,Motorcycle,67,-30,0.3015463917525773
11,1,20,Motorcycle,32,65,0.5463917525773195
17,0,14,Car,38,128,0.7087628865979382
11,0,24,Car,60,38,0.47680412371134023
3,0,3,Car,32,21,0.4329896907216495
20,2,32,Car,22,124,0.6984536082474226
14,3,9,Motorcycle,68,138,0.7345360824742269
14,1,6,Car,41,127,0.7061855670103093
16,6,3,Car,70,181,0.845360824742268
3,4,28,Car,28,-34,0.2912371134020619
6,0,3,Car,68,51,0.5103092783505154
11,8,15,Motorcycle,29,115,0.6752577319587629
6,8,32,Car,39,4,0.38917525773195877
20,6,38,Motorcycle,20,136,0.729381443298969
2,4,44,Motorcycle,29,-82,0.16752577319587628
0,5,28,Car,27,-59,0.2268041237113402
1,5,50,Motorcycle,48,-105,0.10824742268041238
4,7,5,Motorcycle,61,70,0.5592783505154639
13,7,1,Motorcycle,58,172,0.8221649484536082
8,9,17,Car,62,74,0.5695876288659794
7,3,47,Motorcycle,49,-46,0.2603092783505155
17,10,8,Car,42,196,0.884020618556701
20,5,9,Motorcycle,26,208,0.9149484536082474
8,5,13,Car,34,66,0.5489690721649485
5,4,48,Car,35,-74,0.18814432989690721
1,10,41,Car,47,-63,0.21649484536082475
18,9,24,Car,47,153,0.7731958762886598
10,0,4,Car,33,88,0.6056701030927835
11,9,7,Motorcycle,25,144,0.75
7,5,5,Car,42,80,0.5850515463917526
10,6,39,Motorcycle,28,23,0.4381443298969072
7,10,20,Car,68,60,0.5335051546391752
12,7,3,Car,26,146,0.7551546391752577
19,0,1,Motorcycle,58,197,0.8865979381443299
13,8,9,Car,28,143,0.7474226804123711
10,0,26,Motorcycle,57,32,0.46134020618556704
3,7,1,Motorcycle,53,72,0.5644329896907216
20,8,40,Car,40,120,0.6881443298969072
20,8,48,Car,62,96,0.6262886597938144
17,9,38,Motorcycle,66,111,0.6649484536082474
19,4,46,Motorcycle,18,92,0.615979381443299
5,0,21,Car,59,-13,0.34536082474226804
1,3,12,Motorcycle,35,-1,0.37628865979381443
12,6,6,Motorcycle,26,142,0.7448453608247423
7,8,32,Car,69,14,0.41494845360824745
5,3,42,Car,40,-61,0.22164948453608246
20,4,20,Motorcycle,29,170,0.8170103092783505
2,4,12,Car,47,4,0.38917525773195877
16,4,22,Motorcycle,59,124,0.6984536082474226
13,1,20,Car,70,75,0.5721649484536082
8,3,45,Motorcycle,50,-30,0.3015463917525773
7,8,33,Motorcycle,64,21,0.4329896907216495
1,8,32,Motorcycle,37,-36,0.2860824742268041
1,3,9,Car,69,-2,0.37371134020618557
1,2,36,Car,56,-88,0.15206185567010308
9,1,3,Motorcycle,50,96,0.6262886597938144
4,4,41,Car,55,-63,0.21649484536082475
6,7,8,Car,65,71,0.5618556701030928
1,6,28,Car,70,-44,0.2654639175257732
18,8,13,Motorcycle,65,191,0.8711340206185567
20,0,23,Motorcycle,27,141,0.7422680412371134
10,1,7,Motorcycle,66,94,0.6211340206185567
15,1,12,Motorcycle,46,129,0.711340206185567
3,3,2,Car,36,39,0.4793814432989691
18,7,36,Car,60,107,0.654639175257732
6,8,45,Motorcycle,70,-25,0.31443298969072164
20,4,13,Motorcycle,39,191,0.8711340206185567
0,6,23,Motorcycle,48,-29,0.30412371134020616
14,10,39,Car,51,73,0.5670103092783505
3,2,9,Car,50,13,0.41237113402061853
5,6,39,Motorcycle,25,-27,0.30927835051546393
7,9,15,Motorcycle,56,80,0.5850515463917526
16,0,11,Motorcycle,53,137,0.7319587628865979
11,0,9,Car,42,83,0.5927835051546392
11,2,1,Car,19,127,0.7061855670103093
12,9,26,Car,36,87,0.6030927835051546
2,9,11,Car,18,42,0.48711340206185566
5,0,31,Motorcycle,38,-33,0.29381443298969073
17,5,48,Car,18,61,0.5360824742268041
14,0,11,Motorcycle,26,117,0.6804123711340206
5,10,1,Motorcycle,32,107,0.654639175257732
14,4,8,Motorcycle,56,146,0.7551546391752577
17,7,25,Car,36,130,0.7139175257731959
9,7,30,Motorcycle,20,55,0.520618556701031
14,1,33,Car,21,56,0.5231958762886598
12,8,44,Motorcycle,36,38,0.47680412371134023
2,6,23,Motorcycle,64,-9,0.3556701030927835
3,5,20,Motorcycle,68,5,0.3917525773195876
0,1,49,Car,25,-142,0.01288659793814433
12,5,8,Car,24,131,0.7164948453608248
12,4,0,Car,18,150,0.7654639175257731
12,2,34,Motorcycle,26,38,0.47680412371134023
19,6,30,Car,46,130,0.7139175257731959
0,10,38,Motorcycle,34,-54,0.23969072164948454
17,1,20,Car,61,115,0.6752577319587629
2,1,37,Motorcycle,49,-76,0.18298969072164947
18,7,22,Motorcycle,66,159,0.788659793814433
19,9,42,Car,59,109,0.6597938144329897
4,5,48,Car,45,-79,0.17525773195876287
5,4,22,Motorcycle,27,14,0.41494845360824745
17,10,41,Motorcycle,54,107,0.654639175257732
6,1,20,Car,57,5,0.3917525773195876
15,5,43,Motorcycle,57,56,0.5231958762886598
1,7,7,Car,25,24,0.44072164948453607
15,8,1,Motorcycle,50,197,0.8865979381443299
9,2,45,Car,32,-35,0.28865979381443296
13,4,30,Motorcycle,32,70,0.5592783505154639
17,9,12,Car,53,179,0.8402061855670103
12,7,5,Motorcycle,49,150,0.7654639175257731
13,2,21,Car,30,77,0.5773195876288659
18,8,5,Car,68,205,0.9072164948453608
15,2,16,Car,28,112,0.6675257731958762
2,1,43,Motorcycle,54,-94,0.13659793814432988
11,8,23,Car,32,81,0.5876288659793815
9,7,40,Car,23,15,0.4175257731958763
18,1,37,Car,33,74,0.5695876288659794
8,3,47,Motorcycle,68,-36,0.2860824742268041
19,10,48,Car,31,96,0.6262886597938144
15,5,39,Car,38,58,0.5283505154639175
4,8,40,Car,58,-40,0.2757731958762887
10,1,38,Car,34,-9,0.3556701030927835
17,3,43,Motorcycle,34,66,0.5489690721649485
6,9,48,Car,67,-39,0.27835051546391754
12,1,0,Car,45,125,0.7010309278350515
8,10,9,Motorcycle,62,113,0.6701030927835051
8,2,15,Car,44,45,0.4948453608247423
8,7,44,Car,38,-17,0.33505154639175255
12,5,4,Car,59,133,0.7216494845360825
5,10,28,Motorcycle,60,26,0.44587628865979384
18,8,49,Motorcycle,64,83,0.5927835051546392
2,5,35,Motorcycle,48,-50,0.25
5,3,20,Motorcycle,51,15,0.4175257731958763
5,2,6,Car,69,42,0.48711340206185566
4,5,41,Motorcycle,26,-48,0.2551546391752577
10,4,31,Car,26,27,0.4484536082474227
17,8,25,Car,45,135,0.7268041237113402
11,1,16,Car,47,67,0.5515463917525774
17,0,4,Motorcycle,21,178,0.8376288659793815
8,8,46,Car,55,-18,0.3324742268041237
3,8,13,Motorcycle,30,41,0.4845360824742268
16,4,33,Car,20,91,0.6134020618556701
11,0,17,Car,30,59,0.5309278350515464
18,4,47,Car,46,59,0.5309278350515464
15,2,1,Motorcycle,69,167,0.8092783505154639
3,7,25,Car,33,-10,0.35309278350515466
4,4,47,Car,26,-81,0.17010309278350516
7,4,22,Motorcycle,48,34,0.46649484536082475
3,5,42,Car,44,-71,0.1958762886597938
11,6,22,Car,48,74,0.5695876288659794
15,3,17,Car,66,114,0.6726804123711341
13,7,3,Motorcycle,55,166,0.8067010309278351
15,0,19,Car,58,93,0.6185567010309279
1,9,46,Car,18,-73,0.19072164948453607
11,4,29,Car,61,43,0.4896907216494845
5,4,4,Motorcycle,34,68,0.5541237113402062
4,10,20,Car,34,30,0.45618556701030927
0,5,45,Motorcycle,39,-100,0.1211340206185567
5,10,30,Car,23,20,0.43041237113402064
11,8,44,Car,60,18,0.4252577319587629
13,5,15,Car,32,110,0.6623711340206185
7,6,33,Motorcycle,29,11,0.4072164948453608
8,1,4,Motorcycle,62,83,0.5927835051546392
11,4,19,Car,25,73,0.5670103092783505
1,5,37,Motorcycle,47,-66,0.20876288659793815
14,3,0,Car,57,155,0.7783505154639175
6,9,17,Motorcycle,26,64,0.5438144329896907
11,6,17,Motorcycle,66,99,0.634020618556701
10,8,49,Car,57,-7,0.36082474226804123
0,7,39,Car,33,-82,0.16752577319587628
18,4,40,Motorcycle,52,90,0.6108247422680413
8,10,18,Car,70,76,0.5747422680412371
6,7,5,Car,35,80,0.5850515463917526
11,8,34,Motorcycle,28,58,0.5283505154639175
3,1,3,Car,24,36,0.47164948453608246
20,4,0,Car,57,220,0.9458762886597938
4,5,35,Car,59,-40,0.2757731958762887
4,5,25,Motorcycle,28,0,0.3788659793814433
17,3,20,Car,33,125,0.7010309278350515
20,8,29,Motorcycle,33,163,0.7989690721649485
15,3,1,Car,68,162,0.7963917525773195
19,5,14,Motorcycle,63,183,0.8505154639175257
8,3,44,Motorcycle,37,-27,0.30927835051546393
9,4,38,Car,60,-4,0.36855670103092786
18,6,4,Motorcycle,63,208,0.9149484536082474
17,1,6,Car,46,157,0.7835051546391752
7,9,17,Car,21,74,0.5695876288659794
19,9,29,Car,59,148,0.7603092783505154
3,7,1,Motorcycle,64,72,0.5644329896907216
9,6,16,Motorcycle,40,82,0.5902061855670103
15,5,2,Car,63,169,0.8144329896907216
16,2,14,Car,45,128,0.7087628865979382
7,9,42,Car,63,-11,0.35051546391752575
3,3,49,Car,27,-102,0.11597938144329897
7,5,24,Motorcycle,43,33,0.4639175257731959
8,10,5,Car,35,115,0.6752577319587629
5,8,21,Motorcycle,55,37,0.4742268041237113
5,3,8,Car,22,51,0.5103092783505154
1,1,8,Car,37,-9,0.3556701030927835
14,9,33,Car,22,96,0.6262886597938144
6,6,5,Motorcycle,67,85,0.5979381443298969
17,10,32,Car,59,124,0.6984536082474226
8,7,0,Car,34,115,0.6752577319587629
1,8,43,Motorcycle,35,-69,0.20103092783505155
2,1,6,Motorcycle,18,27,0.4484536082474227
16,9,14,Car,66,163,0.7989690721649485
2,7,37,Motorcycle,49,-46,0.2603092783505155
11,3,28,Car,59,41,0.4845360824742268
10,7,16,Motorcycle,49,97,0.6288659793814433
20,9,29,Car,22,168,0.8118556701030928
4,4,18,Car,55,6,0.3943298969072165
14,1,29,Car,46,58,0.5283505154639175
